"Time (s)","X (m/s^2)","Y (m/s^2)","Z (m/s^2)"
2.118600000E-2,2.911445618E0,9.389374695E0,-1.130149841E0
2.199483750E-1,4.826563110E0,1.117022141E1,-1.689087524E0
4.187113750E-1,4.249213715E0,9.327702942E0,-1.373992767E0
6.174743750E-1,4.073479156E0,8.749904480E0,-1.110690308E0
8.162373750E-1,2.527943115E0,8.459807739E0,-7.378157043E-1
1.015000375E0,3.464994507E0,9.229058075E0,-1.144669647E0
1.213763375E0,3.212170258E0,8.455167389E0,-1.166224823E0
1.412525125E0,5.140460358E0,8.828640747E0,-2.864892426E0
1.611288125E0,5.611530762E0,8.610993347E0,-2.446362762E0
1.810051125E0,4.706063690E0,6.926246796E0,-4.764591980E-1
2.008814125E0,4.604425049E0,8.314459991E0,-2.059267731E0
2.207577125E0,3.778292999E0,7.528145142E0,-1.039737854E0
2.406340667E0,1.735341339E0,8.712182922E0,-6.644682312E-1
2.605103667E0,1.511706390E0,9.518256683E0,-3.386856995E0
2.803866667E0,-8.307723999E-2,9.086704102E0,-2.183509369E0
3.002629667E0,9.747729492E-1,9.556127930E0,-7.747888184E-1
3.201391667E0,4.159849548E-1,9.289232941E0,-8.919950867E-1
3.400155000E0,-8.681945801E-2,9.625134430E0,1.069974976E0
3.598918000E0,-2.411485291E-1,9.437424774E0,1.596130829E0
3.797681000E0,-2.050735474E-1,9.763596497E0,5.008584595E-1
3.996444000E0,-3.829037476E-1,9.574240265E0,2.324516144E0
4.195207000E0,-6.155200195E-1,1.012928604E1,9.231303406E-1
4.393968875E0,-5.698649597E-1,1.037118301E1,2.399210815E0
4.592731875E0,-1.933978271E-1,1.080767532E1,2.352507935E0
4.791494875E0,2.897973633E-1,1.010204269E1,1.827699280E-1
4.990257875E0,2.877017212E-1,9.618248749E0,-4.748126221E-1
5.189020875E0,1.087189178E0,9.558223572E0,-5.993536377E-1
5.387785125E0,-2.396516418E-1,9.350755005E0,-1.661544800E-1
5.586548125E0,1.243913269E0,9.074729004E0,-1.225651245E0
5.785311125E0,3.779640198E0,1.114806747E1,-4.960684204E-1
5.984074125E0,1.384171600E0,1.019410126E1,-9.515711975E-1
6.182838125E0,6.086343384E-1,9.062304840E0,-1.593735809E0
6.381601292E0,1.127156067E0,1.159369080E1,-2.389780426E0
6.580364292E0,1.067280579E0,1.003153931E1,-8.894503784E-1
6.779128292E0,-3.186872864E-1,9.373807068E0,-2.718945923E0
6.977892292E0,2.077829132E0,8.503516846E0,-1.579216003E-1
7.176656292E0,2.296224976E0,7.457342377E0,1.464853821E0
7.375420375E0,1.895657959E0,1.090497299E1,1.914518738E-1
7.574184375E0,1.600621490E0,1.028990204E1,9.859996033E-1
7.772948375E0,1.288370819E0,9.101672974E0,1.892813873E0
7.971711375E0,1.713187408E0,9.387279053E0,1.871408386E0
8.170475375E0,1.122665405E-1,9.806257782E0,1.002465363E0
8.369239000E0,-5.469625854E-1,9.539811859E0,8.050259399E-1
8.568003000E0,3.438349915E-1,9.471404114E0,1.650767212E0
8.766767000E0,5.174739075E-1,9.261540527E0,3.005749512E0
8.965532000E0,-1.408570862E-1,1.041788589E1,3.670367432E0
9.164296000E0,-2.863545227E-1,9.591155090E0,1.514700165E0
9.366834792E0,3.520678711E-1,9.238189087E0,-1.502874756E-1
9.568114792E0,2.465073853E0,8.952133942E0,-2.998414764E0
9.769394792E0,7.920030212E-1,9.411678314E0,-1.997745667E0
9.970674792E0,-7.855664063E-1,1.005968079E1,-4.345912628E0
1.017069679E1,8.542735291E-1,8.309819641E0,-4.751868439E0
1.036946025E1,-3.652404785E-2,8.667276306E0,-7.343129883E0
1.056696625E1,3.884422302E0,8.598120117E0,-5.702242126E0
1.076824625E1,3.809128876E0,8.602760468E0,-2.181713104E0
1.096952525E1,2.552492065E0,8.103548584E0,-2.322270813E0
1.117080525E1,1.619781647E0,8.793763275E0,-3.019520874E0
1.137208562E1,-2.769241333E-2,1.038630157E1,-2.556833038E0
1.157336562E1,3.733386383E0,7.609875183E0,-1.037342834E0
1.177464563E1,6.966513062E-1,9.546697540E0,-3.717968445E0
1.197592562E1,3.821403351E0,1.113175140E1,-1.144070892E0
1.217720662E1,7.694000244E-2,9.109756165E0,-1.813927917E0
1.237848712E1,1.280137939E0,9.116192780E0,-5.894741821E-1
1.257976812E1,1.337768097E0,1.072310120E1,-2.751877441E0
1.278104912E1,-3.135978699E-1,1.018032990E1,-4.022135925E-1
1.298232912E1,-9.083111572E-1,8.886570282E0,5.980064392E-1
1.318361012E1,3.038681030E-2,9.434431000E0,1.187929688E0
1.342388912E1,1.975891113E-2,1.007689499E1,8.916957092E-1
1.362265412E1,2.848576355E-1,1.009785141E1,1.529219971E0
1.382141912E1,1.714384918E0,9.882748718E0,2.031275940E0
1.402018312E1,5.947132874E-1,9.991871796E0,1.098266144E0
1.421894812E1,5.700146484E-1,1.132514923E1,-1.123563538E0
1.441771267E1,-2.156266022E0,1.013362701E1,-4.164040833E0
1.461647667E1,-4.197870483E0,9.339079285E0,-2.636317749E0
1.481524167E1,-5.521268463E0,9.532626801E0,-1.017284546E0
1.501400567E1,-1.130000153E0,9.108109589E0,6.197113037E-2
1.521654467E1,9.997709656E-1,9.532177734E0,1.073866882E0
1.541782487E1,1.858086090E0,9.448352051E0,8.735833740E-1
1.561910487E1,2.185455322E0,1.004037094E1,-7.848179626E-1
1.582038587E1,2.371518402E0,1.020921982E1,-1.068029022E0
1.602166587E1,2.985691223E0,1.079195801E1,9.460327148E-1
1.622294688E1,3.044818268E0,9.358688507E0,5.974076843E-1
1.642422592E1,2.317181396E0,8.662635956E0,5.890251160E-1
1.662550692E1,3.993994446E0,8.298293610E0,2.285447388E0
1.682678692E1,3.620072021E0,9.208850098E0,1.424587555E0
1.702806792E1,4.908442841E0,7.747738495E0,2.423460388E0
1.722934792E1,4.925657043E0,8.017926636E0,1.844165039E0
1.743062917E1,3.797752533E0,8.663234711E0,4.851411438E-1
1.763191017E1,3.113525391E0,8.897796936E0,-1.002016296E0
1.783319017E1,1.688788147E0,9.444609833E0,-1.739532623E0
1.803447117E1,1.858984222E0,8.946296082E0,-2.626587982E0
1.823575300E1,1.792522430E0,8.723559265E0,-5.799988861E0
1.846596900E1,7.596702576E-1,8.947792969E0,-5.385800171E0
1.866473400E1,9.008267212E-1,8.671168213E0,-3.900438995E0
1.886349900E1,-7.999365234E-1,8.395291901E0,-3.272494812E0
1.906226400E1,-2.045346680E0,9.055119781E0,-2.947520599E0
1.926102937E1,-2.261796570E-1,8.940009155E0,-3.939208374E0
1.945979437E1,7.821235657E-1,9.375753021E0,-3.196003876E0
1.965855937E1,2.039508820E0,9.257798309E0,-2.288590851E0
1.985732437E1,2.186952209E0,9.778565369E0,-9.460327148E-1
2.005609038E1,1.474134521E0,9.393715668E0,4.149371338E-1
2.025485537E1,9.289682007E-1,9.792935486E0,1.021176453E0
2.045362137E1,1.521585846E0,9.756112061E0,9.295669556E-1
2.065238737E1,2.233056335E0,9.540260925E0,7.631130981E-1
2.085115237E1,7.768844604E-1,1.023152344E1,1.202748871E0
2.104991837E1,1.971400452E0,9.545200653E0,4.981640625E-1
2.124868342E1,1.432670746E0,9.896071014E0,5.629792786E-1
2.144744942E1,3.052153015E0,9.541308746E0,-6.243516541E-1
2.164621442E1,2.651136932E0,8.708141327E0,1.295855255E0
2.184497942E1,2.606529694E0,8.557255096E0,2.675985260E0
2.204374542E1,3.074756012E0,8.776249695E0,2.358794861E0
2.224251125E1,2.959046631E0,9.027876434E0,1.222058716E0
2.244127725E1,2.569107513E0,1.003513184E1,3.559597778E-1
2.264004225E1,1.831142120E0,9.804162140E0,7.388635254E-1
2.283880825E1,1.040037231E0,9.684560852E0,1.047821045E-2
2.303757425E1,2.107766876E0,9.812245331E0,-1.234333191E0
2.323634025E1,-3.975732422E-1,1.017793488E1,-1.986968079E0
2.343510537E1,-9.416917419E-1,1.032762360E1,-2.802472229E0
2.363387237E1,-9.642947388E-1,9.857451324E0,-2.039209442E0
2.383263837E1,-1.249451752E0,1.014215927E1,-5.477110291E-1
2.403140437E1,-1.485660553E0,1.005444168E1,-6.707551575E-1
2.423017037E1,-1.098565521E0,9.678273926E0,-1.116378479E0
2.442893629E1,4.324507141E-1,9.469458160E0,-2.245330811E-1
2.462770329E1,1.284778290E0,1.012734009E1,-1.000968475E0
2.482646929E1,2.217039642E0,9.553433533E0,-9.650431824E-1
2.502523529E1,1.276844788E0,8.225544891E0,-1.851499786E0
2.522400229E1,6.289920044E-1,8.369994507E0,-1.485959930E0
2.542277012E1,-2.665057983E0,9.442514191E0,-3.809577942E-1
2.562153612E1,-2.411185913E0,8.670419769E0,2.829116821E-2
2.582030312E1,-2.049088898E0,9.649833069E0,-3.290008392E0
2.601906913E1,-1.643731842E0,8.769064636E0,-2.195484467E0
2.621783612E1,-2.828218689E0,8.710686035E0,-1.084494781E0
2.641660237E1,-2.419568481E0,9.710457001E0,-3.354524231E-1
2.661536838E1,-1.759890289E0,9.627978516E0,-1.679507446E-1
2.681413537E1,-1.534309387E0,9.634564819E0,-3.950285339E-1
2.701290137E1,-1.581611023E0,9.838141479E0,4.790039062E-3
2.721166737E1,-1.536255341E0,9.815538483E0,-1.034199371E0
2.741043525E1,-2.211201782E0,9.745334473E0,-8.042774963E-1
2.760920125E1,-1.202150116E0,9.840985565E0,-8.907975769E-1
2.780796725E1,-1.401834869E0,9.836494904E0,-9.403445435E-1
2.800673325E1,-1.574276276E0,9.701775055E0,-2.043101349E0
2.820550025E1,-2.662363586E0,9.649833069E0,-2.381248169E0
2.840426500E1,-3.418890381E-1,8.937464447E0,4.387376404E-1
2.860303100E1,-1.731150055E0,1.171074738E1,2.444416809E-1
2.880179800E1,-7.569758606E-1,9.413324890E0,1.779798889E-1
2.900056500E1,-1.762285309E0,9.795779572E0,5.983058167E-1
2.919933100E1,-1.792821808E0,9.319020996E0,-1.057101746E0
2.939809892E1,-1.278042297E0,9.599687347E0,8.378077698E-1
2.959686492E1,-1.382075958E0,9.311536560E0,2.330653381E-1
2.979563192E1,-6.780899048E-1,9.890682220E0,-1.752854919E0
2.999439892E1,-1.405726776E0,9.778864746E0,-2.304757233E0
3.019316492E1,-9.761201477E-1,9.471553802E0,-3.559747467E0
3.039193154E1,2.183958435E0,1.028047165E1,-4.813989258E0
3.059069854E1,2.308948517E0,7.920928345E0,-6.010002136E0
3.078946454E1,1.373543701E0,7.027735748E0,-3.999981995E0
3.098823154E1,2.267933807E0,7.945477295E0,-2.150727539E0
3.118699854E1,2.672692108E0,7.694598999E0,-5.334906006E-1
3.138576475E1,3.016826477E0,8.423433380E0,-2.048041077E0
3.158453175E1,4.639901276E0,8.647966461E0,-1.205592957E0
3.178329875E1,4.911137238E0,8.568332062E0,-3.523672485E-1
3.198206475E1,4.647086334E0,9.461674347E0,-1.060394897E0
3.218083175E1,6.255341949E0,8.209528198E0,-2.442321167E0
3.237959787E1,4.982389069E0,8.423882446E0,-2.118245087E0
3.257836487E1,4.596641235E0,9.487570496E0,-3.454516296E0
3.277713087E1,2.774031372E0,8.626111908E0,-3.898043976E0
3.297589788E1,2.207908630E0,8.195307770E0,-3.481310577E0
3.317466387E1,1.717827759E0,7.778724060E0,-3.848347321E0
3.337342913E1,5.662724304E-1,9.477391663E0,-2.434537354E0
3.357219612E1,8.663983154E-1,9.915081482E0,-2.948568420E0
3.377096312E1,2.302511902E0,8.577313385E0,6.438111877E-1
3.396973012E1,2.216440887E0,1.031370255E1,-1.490001526E0
3.416849712E1,3.496429138E0,9.579928436E0,-1.250499573E0
3.436726438E1,3.828289032E0,7.865393829E0,-2.257305908E0
3.456603137E1,4.092938690E0,9.276509399E0,-1.620530090E0
3.476479837E1,5.208269348E0,9.040150909E0,-2.858156433E0
3.496356537E1,4.723876648E0,7.357949066E0,-3.407514038E0
3.516233237E1,4.667444000E0,8.055348816E0,-4.063000946E0
3.536109929E1,4.370311890E0,9.006171570E0,-4.961432648E0
3.555986629E1,3.785478058E0,7.318431244E0,-3.284769287E0
3.575863329E1,4.032015381E0,7.965086517E0,-5.196294250E0
3.595740129E1,4.139192505E0,7.360044708E0,-4.705764313E0
3.615616829E1,5.340594177E0,8.120014343E0,-3.101101227E0
3.635493575E1,6.262676697E0,7.513775024E0,-2.427202606E0
3.655370275E1,4.211342468E0,6.700516205E0,-4.211641846E0
3.675246975E1,5.939648438E0,8.060438232E0,-4.248465271E0
3.695123775E1,5.015170898E0,7.447462921E0,-4.174069977E0
3.715000475E1,3.891906738E0,8.287216644E0,-4.871918793E0
3.734877142E1,3.638034668E0,9.314380646E0,-6.088289337E0
3.754753842E1,3.144211578E0,9.275910645E0,-6.834637299E0
3.774630542E1,3.074456635E0,8.525820465E0,-5.424419861E0
3.794507342E1,1.614542542E0,6.711892548E0,-3.374582520E0
3.814384042E1,2.000739441E0,7.860154724E0,-3.098556519E0
3.834260763E1,3.153641968E0,8.381520538E0,-1.706750793E0
3.854137462E1,5.118605804E0,9.615853729E0,-2.688858490E0
3.874014162E1,5.102289734E0,8.669371948E0,-1.330583038E0
3.893890862E1,4.662504272E0,8.660240936E0,-5.355862427E-1
3.913767562E1,3.952231293E0,8.862470398E0,6.436614990E-1
3.933644312E1,3.138523407E0,8.929081879E0,1.294208679E0
3.953521013E1,1.807191925E0,9.447453918E0,1.412762146E0
3.973397813E1,9.797126770E-1,9.826316071E0,2.790796509E0
3.993274612E1,2.302062836E0,8.208929443E0,7.607180786E-1
4.013151412E1,1.205742645E0,9.183552704E0,4.123325500E0
4.033028312E1,2.809657288E0,8.860374756E0,2.617456970E0
4.052905112E1,3.600911865E0,8.482859802E0,1.514101410E0
4.072781912E1,3.554358673E0,8.893156586E0,1.273102570E0
4.092658712E1,2.158211975E0,9.942324829E0,1.605710907E0
4.112535412E1,1.708397369E0,9.508077850E0,1.630858612E0
4.132412137E1,2.072590027E0,9.347012787E0,2.850073242E-1
4.152288937E1,2.533631287E0,9.811496887E0,1.097966766E0
4.172165637E1,3.264261932E0,1.043135788E1,-1.357227631E0
4.192042337E1,4.373904419E0,9.527986450E0,-1.503772888E0
4.211919137E1,3.548820190E0,9.594148865E0,-2.151625671E0
4.231795867E1,3.210074615E0,9.471703491E0,-2.438429260E0
4.251672567E1,2.546504517E0,7.761060791E0,-1.418749695E0
4.271549267E1,2.159409485E0,8.356372833E0,-1.868115234E-1
4.291425967E1,3.096610565E0,9.161548462E0,-1.513802032E0
4.311302667E1,2.522554321E0,1.025831772E1,-3.047662354E0
4.331179454E1,4.191284180E-2,9.799222412E0,-4.715494080E0
4.351056154E1,-8.858578491E-1,9.049431610E0,-4.153412933E0
4.370932854E1,-2.294728088E-1,8.631051636E0,-3.770359497E0
4.390809554E1,-3.971241760E-1,8.935668182E0,-3.575015717E0
4.410686254E1,8.000862122E-1,8.670868835E0,-2.489622803E0
4.430562887E1,1.479223938E0,8.883875885E0,-2.535277863E0
4.450439687E1,4.519551544E0,9.617200928E0,-2.862198029E0
4.470316388E1,3.623664551E0,8.689130859E0,-1.758842468E0
4.490193087E1,2.640958099E0,8.801098022E0,-7.373666382E-1
4.510069888E1,3.263962555E0,9.475745087E0,1.832189941E-1
4.529946713E1,2.922073517E0,8.988657990E0,4.471202087E-1
4.549823512E1,1.865869904E0,9.644144897E0,5.557942200E-1
4.569700213E1,1.346450043E0,9.627828827E0,-1.205592957E0
4.589577013E1,1.068927155E0,9.715396729E0,3.941304016E-1
4.609453912E1,1.521585846E0,9.435179443E0,1.769170990E0
4.629330737E1,1.560804291E0,9.394015045E0,7.867639160E-1
4.649207537E1,4.914280701E-1,1.002914429E1,2.405797119E0
4.669084337E1,3.936963043E0,1.005668701E1,8.252339172E-1
4.688961238E1,-1.130149841E-1,9.593699799E0,7.171586609E-1
4.708838038E1,4.092489624E-1,9.335935822E0,1.250349884E0
4.728714912E1,4.090992737E-1,9.293424225E0,1.754351807E0
4.748591812E1,5.550457764E-1,9.246421967E0,1.671573944E0
4.768468612E1,1.265318756E0,9.987081757E0,4.616400146E-1
4.788345412E1,-3.649411011E-1,1.011386810E1,1.068627777E0
4.808222212E1,-3.737727356E-1,1.048838928E1,-4.213737488E-1
4.828099004E1,4.989125061E-1,1.124746078E1,-1.489402771E0
4.847975804E1,1.134191437E0,1.028316605E1,-2.696642303E0
4.867852604E1,-1.345701599E-1,7.757767639E0,-2.645299072E0
4.887729304E1,-6.897656250E-1,8.642727356E0,-1.315913544E0
4.907606104E1,1.905537415E-1,9.849966888E0,-1.591191101E-1
4.927482862E1,-1.293310547E0,9.000184021E0,-2.194436646E-1
4.947359663E1,-2.501747589E0,9.629176025E0,-8.562194824E-1
4.967236463E1,-3.092868347E0,9.304351501E0,-1.412762146E0
4.987113263E1,-3.617527313E0,9.040001221E0,-1.179696808E0
5.006989962E1,-4.190685425E0,9.105714569E0,-2.131866760E0
5.026866725E1,-3.541635132E0,9.365574188E0,-2.130968628E0
5.046743525E1,-1.994003448E0,9.379046173E0,-1.678459625E0
5.066620325E1,-1.521286469E0,1.010653336E1,-2.258353729E0
5.086497125E1,-2.552192688E-1,9.624086609E0,-2.590812378E0
5.106373925E1,-1.889820099E0,9.456285553E0,1.347198486E-1
5.126250775E1,-4.523593140E-1,1.078013260E1,-2.303709412E-1
5.146127575E1,-1.086141357E0,1.071397018E1,-6.002517700E-1
5.166004375E1,-2.966830444E-1,9.376950531E0,-5.384303284E-1
5.185881175E1,-9.136999512E-1,9.094038849E0,6.447093201E-1
5.205757975E1,-6.038442993E-1,9.822124786E0,-1.014889526E-1
5.225634775E1,-7.472460938E-1,9.892179108E0,1.636397095E0
5.245637337E1,-3.158432007E-2,9.534123688E0,9.463320923E-1
5.265765737E1,4.101470947E-1,9.911189575E0,5.542973328E-1
5.285894137E1,-4.442761230E-1,9.791588287E0,-1.805245972E-1
5.306022537E1,-1.406624908E0,9.954299927E0,1.001417542E0
5.326150937E1,1.441502380E0,8.950786743E0,5.809419250E-1
5.346279429E1,7.915539551E-1,9.273515625E0,1.070573730E0
5.366407829E1,6.430627441E-1,1.129012207E1,3.315605164E0
5.386536329E1,6.661148071E-1,8.500672760E0,-6.056405640E-1
5.406664729E1,-1.164278870E0,9.404792633E0,5.085374908E0
5.426667362E1,4.221221924E-2,1.004052063E1,1.566642151E0
5.446544162E1,-7.934999084E-1,1.001357666E1,3.601510620E-1
5.466420962E1,-1.456471252E-1,9.557774506E0,-1.547781372E-1
5.486297862E1,-7.120692444E-1,9.773925018E0,-2.495310974E-1
5.506174662E1,-7.026388550E-1,1.038869659E1,-1.378034363E0
5.526051462E1,-9.345066833E-1,9.339977417E0,-3.082240448E0
5.545928175E1,-5.328918457E-2,1.009186386E1,-4.744384003E0
5.565804975E1,1.363514557E0,9.496402130E0,-3.638334045E0
5.585807575E1,7.427554321E-1,9.116342468E0,-3.461102600E0
5.605935975E1,2.802172852E-1,8.632099457E0,-7.713459778E-1
5.626064475E1,1.330433350E0,8.034841461E0,1.136137390E0
5.646192929E1,-8.198451233E-1,9.671088867E0,-1.167721710E0
5.666321329E1,4.349954224E-1,1.039288788E1,-1.200204163E0
5.686449729E1,-7.967930603E-1,9.272617493E0,-4.089495850E-1
5.706578129E1,-7.646099854E-1,9.382938080E0,-7.759863281E-1
5.726706554E1,-1.316063232E0,9.730215912E0,-6.372248840E-1
5.746834954E1,-7.565267944E-1,9.735305328E0,1.459465027E-1
5.766963354E1,-6.286926270E-1,9.740544434E0,3.833528137E-1
5.787091754E1,2.778222656E-1,9.301357727E0,1.392105103E-1
5.807220154E1,9.620494080E-1,1.121003860E1,-6.743476868E-1
5.827348587E1,1.303489380E0,8.164920959E0,8.074209595E-1
5.847476987E1,4.288581848E-1,1.092667786E1,-9.286688232E-1
5.867605387E1,-1.525926819E0,1.032732422E1,4.629872131E-1
5.887733787E1,-5.125341797E-1,1.009425888E1,9.138496399E-1
5.907862187E1,-1.780996399E0,9.215735779E0,-2.613565063E-1
5.927990562E1,-1.166973267E0,9.198521576E0,-2.736309814E-1
5.948119062E1,8.300239563E-1,9.172924805E0,-4.352947998E-1
5.968247462E1,-2.320175171E-1,1.019410126E1,-1.941762085E0
5.988375762E1,-2.274071045E0,1.048225204E1,-3.094365234E0
6.008504162E1,4.644841003E-1,1.032717453E1,-2.087109833E0
6.028632604E1,2.241738281E0,9.297615509E0,-3.267405396E0
6.048760904E1,2.744991760E0,1.009410919E1,-3.835174713E0
6.068889304E1,2.683170319E0,8.934320984E0,-1.349294128E0
6.089017704E1,3.075654144E0,8.564290466E0,-6.493496704E-1
6.109146004E1,3.086282043E0,8.796906738E0,-8.045768738E-1
6.129274325E1,4.337080994E0,9.485923920E0,-2.331252136E0
6.149402725E1,4.673730927E0,8.429570618E0,-1.645378418E0
6.169531125E1,4.632566528E0,8.683742065E0,-1.225950623E0
6.189659525E1,5.283862152E0,8.323740692E0,-1.149309998E0
6.209787925E1,5.878725128E0,7.700736237E0,-1.508413239E0
6.229916350E1,5.919290771E0,7.798333282E0,-1.786983948E0
6.250044750E1,4.333039398E0,8.175848236E0,-1.149759064E0
6.270173050E1,3.040926361E0,8.178243256E0,-1.000968475E0
6.290301450E1,3.683090973E0,8.634344788E0,-9.695338440E-1
6.310429850E1,3.517834625E0,9.476942596E0,-2.525847473E0
6.330558262E1,2.158062286E0,9.675130463E0,-9.461824036E-1
6.350686562E1,2.590363312E0,9.437574463E0,-1.225501556E0
6.370814962E1,3.065625000E-1,9.077273712E0,-1.100062408E0
6.390943262E1,-8.149053955E-1,1.002989273E1,-2.004331970E0
6.411071663E1,5.595364380E-1,8.864416351E0,-1.512005768E0
6.431199963E1,-3.674858093E-1,9.358987885E0,-1.712438965E0
6.451328362E1,-1.522633667E0,1.062370789E1,-2.693349152E0
6.471456762E1,-3.794609070E-1,9.656269684E0,-2.761756897E0
6.491585163E1,-1.607357483E0,9.295968933E0,-2.144889679E0
6.511713463E1,-3.123255157E0,8.822503510E0,-3.125949554E0
6.531841842E1,-2.120340729E0,1.042701691E1,-3.594026184E0
6.551970142E1,-3.217708740E0,1.102861588E1,-4.633165283E0
6.572098542E1,-2.589016113E0,6.691983948E0,-1.149759064E0
6.592226842E1,-3.355572052E0,8.461005249E0,-1.698068848E0
6.612355242E1,-2.526895294E0,9.823771362E0,-1.154848480E0
6.632483529E1,-2.014061737E0,9.411229248E0,-7.683522034E-1
6.652611929E1,-2.489772491E0,1.004501129E1,-1.947150879E0
6.672740229E1,-2.400408325E0,9.769733734E0,-4.457879791E0
6.692868629E1,-2.483485565E0,8.524173889E0,-3.874393158E0
6.712997029E1,-2.233804779E0,8.518485718E0,-3.183430023E0
6.733125454E1,4.131408691E-1,8.449479218E0,-4.209097137E0
6.753253754E1,2.107617188E-1,9.194479980E0,-3.346590729E0
6.773382154E1,-3.457809448E-2,9.695188751E0,-3.248095551E0
6.793510454E1,1.901046753E-1,9.713750153E0,-3.694167938E0
6.813638854E1,7.138655090E-1,9.724228363E0,-5.522166595E0
6.833767162E1,-2.291734314E-1,9.186995544E0,-5.803431702E0
6.853895462E1,9.632469177E-1,8.602610779E0,-6.173013153E0
6.874023762E1,2.993774414E-1,8.409811707E0,-1.005010071E0
6.894152062E1,6.885681152E-2,8.710236969E0,-2.631527710E-1
6.914280362E1,1.603764954E0,9.649683380E0,-4.518054657E0
6.934408688E1,1.102607117E0,9.507179718E0,-3.629203033E0
6.954536987E1,1.545236664E0,8.863667908E0,-2.851420441E0
6.974665188E1,2.584974518E0,9.008267212E0,-1.663790131E0
6.994793488E1,1.861528931E0,9.845625916E0,-1.675914917E0
7.014921788E1,4.120331726E0,8.646469574E0,-9.220825195E-2
7.035050017E1,3.511697388E0,9.228159943E0,-2.928210754E0
7.055178317E1,2.191293182E0,9.076375580E0,-4.305646362E0
7.075306517E1,7.851173401E-1,9.527537384E0,-8.776249695E-1
7.095434817E1,2.270328827E0,1.350401825E1,-2.019450531E0
7.115563017E1,2.102677460E0,7.270830231E0,1.781295776E-1
7.135691242E1,4.516108704E-1,8.607999573E0,-6.954537964E-1
7.155819542E1,1.297052765E0,1.018796402E1,-9.187893677E-1
7.175947742E1,1.133143616E0,7.331753540E0,1.213526459E0
7.196075942E1,2.020797729E0,9.161099396E0,3.397933960E-2
7.216204242E1,1.527872772E0,9.696236572E0,1.907782745E0
7.236332542E1,2.335443420E0,9.313033447E0,8.250842285E-1
7.256460842E1,3.185675354E0,8.938512268E0,-2.667453003E-1
7.276589142E1,1.733844452E0,9.217981110E0,3.682342529E-1
7.296717342E1,2.074236603E0,9.776619415E0,-1.844165039E-1
7.316845642E1,2.253114624E0,9.347012787E0,-1.239721985E0
7.336973987E1,1.117276611E0,9.218879242E0,2.573149109E-1
7.357102187E1,2.663261719E0,8.485404510E0,-7.430548096E-1
7.377230387E1,2.947819977E0,9.705666962E0,-1.048120422E0
7.397358587E1,2.582280121E0,9.563612366E0,-2.297871552E0
7.417486887E1,3.014730835E0,8.717272339E0,-3.389850769E0
7.453340200E1,2.171983337E-1,9.354048157E0,-3.925437012E0
7.473216800E1,-5.987548828E-3,9.039851532E0,-3.690725098E0
7.493470900E1,-1.034349060E0,7.937244415E0,-5.320236511E0
7.513599100E1,-2.062710571E-1,9.221274261E0,-3.998335419E0
7.533727325E1,-1.331930237E0,1.001836670E1,-4.071982269E0
7.553855525E1,-1.148711243E0,8.366701355E0,-2.653382263E0
7.573983725E1,1.043480072E0,8.808582458E0,-2.926713867E0
7.594111925E1,-4.159849548E-1,9.900411987E0,-1.248403931E0
7.614240225E1,-2.327659607E-1,8.709787903E0,-4.458328857E0
7.634368350E1,-7.216493225E-1,8.431815948E0,-4.309238892E0
7.654496650E1,1.399589539E0,8.816515961E0,-5.509592743E0
7.674624850E1,8.997789001E-1,7.410040741E0,-5.155578918E0
7.694753150E1,1.911225586E0,9.148974609E0,-6.209088135E0
7.714881350E1,1.986519012E0,9.796378326E0,-6.254443817E0
7.735009637E1,1.931583252E0,6.472989349E0,-5.845793610E0
7.755137937E1,1.201551361E0,7.402107239E0,-5.093308411E0
7.775266237E1,2.588866425E0,6.305188293E0,-5.359754333E0
7.795394537E1,1.681902466E0,8.805139618E0,-3.694916382E0
7.815522837E1,2.251617737E0,7.171287231E0,-6.468947754E0
7.835651175E1,1.256187744E0,8.364156647E0,-5.473517761E0
7.855779475E1,7.536827087E-1,8.268355865E0,-5.489085388E0
7.875907675E1,4.281097412E-2,9.427096252E0,-6.740932159E0
7.896035975E1,-2.445913696E-1,7.352111206E0,-5.567671967E0
7.916164175E1,-2.811603241E0,7.776778107E0,-1.474433899E0
7.936292454E1,-1.178499298E0,9.140292664E0,-3.567531281E0
7.956420654E1,2.359094238E0,6.905140686E0,-8.981323242E-1
7.976548854E1,-2.750979309E0,1.163500488E1,-1.503174133E0
7.996677054E1,2.926863556E0,9.244775391E0,-1.916764069E0
8.016805354E1,7.050338745E-2,7.645950165E0,-2.355801086E0
8.036933588E1,1.675166473E0,1.169203629E1,-2.330803070E0
8.057061787E1,2.439327393E0,8.213869171E0,1.172811127E0
8.077189987E1,5.515729980E0,1.059481796E1,-5.786965942E-1
8.097318187E1,3.204685822E0,1.043255539E1,2.005828857E-2
8.117446387E1,7.933502197E-1,1.141615997E1,-2.043550415E0
8.137574550E1,-1.172062683E0,7.494914246E0,1.275347900E0
8.157702750E1,1.289268951E0,1.073163345E1,-7.072792053E-1
8.177830950E1,1.749861145E0,9.330547028E0,3.607498169E-1
8.197959250E1,2.118394775E0,9.286089478E0,1.250649261E0
8.218087450E1,1.291813660E0,9.659862213E0,2.074086914E0
8.238215642E1,1.865570526E0,9.146280212E0,3.152743835E0
8.258343842E1,2.358645172E0,9.976453857E0,2.097138977E0
8.278472042E1,9.656419373E-1,1.015892441E1,1.517244873E0
8.298600242E1,2.349514160E0,8.360713806E0,-1.184786224E0
8.318728542E1,2.355052643E0,9.241332550E0,4.890330505E0
8.338856700E1,2.070644073E0,1.017598892E1,1.523382111E0
8.358984900E1,2.439177704E0,9.253008270E0,-2.401007080E-1
8.379993700E1,2.327958984E0,1.095332245E1,-8.735833740E-1
8.399870300E1,5.204676819E-1,1.159967834E1,-1.842069397E0
8.419746900E1,-9.063652039E-1,8.519533539E0,-4.074826355E0
8.439623554E1,6.451583862E-2,8.493787079E0,-2.942880249E0
8.459500154E1,-1.769769745E0,9.008566589E0,-3.877237244E0
8.479376754E1,8.111631775E-1,9.211245117E0,-2.577789459E0
8.499253354E1,-4.034111023E-1,9.726773071E0,-2.799029388E0
8.519129954E1,-2.938389587E-1,8.694669342E0,-1.501078491E0
8.539006492E1,4.457730103E-1,9.867181091E0,-2.538870392E0
8.558883092E1,-1.446142731E0,9.738897858E0,-1.876797180E0
8.578759692E1,1.138831787E0,9.929451599E0,-7.580236816E-1
8.598636292E1,3.902384949E-1,9.012907562E0,-3.300187225E0
8.618512892E1,9.063652039E-1,8.708141327E0,-4.548740845E0
8.638389562E1,2.196083221E0,1.003363495E1,-2.026785278E0
8.658266162E1,3.056793365E0,7.814349976E0,-2.669698334E0
8.678142762E1,1.102607117E0,8.251291351E0,-4.236939240E0
8.698019462E1,3.238814850E0,9.209448853E0,-3.796105957E0
8.717896062E1,1.183289337E0,8.585845642E0,-3.629352722E0
8.737772679E1,9.906399536E-1,9.572743378E0,-4.015549622E0
8.757649379E1,2.036515045E0,8.832532654E0,-4.467908936E0
8.777525979E1,2.497855682E0,8.118667145E0,-5.413941650E0
8.797402679E1,3.628604279E0,8.933871918E0,-5.844745789E0
8.817279279E1,4.162094879E0,9.126072235E0,-5.379363556E0
8.837155942E1,5.109175415E0,7.897427216E0,-5.514831848E0
8.857032642E1,2.201921082E0,8.675359497E0,-2.826721802E0
8.876909342E1,2.704276428E0,6.245612183E0,-8.178991699E-1
8.896786042E1,2.885250092E0,6.167175293E0,-1.682501221E0
8.916662742E1,6.484964447E0,9.362730103E0,-5.397176514E0
8.936539462E1,4.283941498E0,8.930878143E0,-1.741927643E0
8.956416162E1,4.037553864E0,7.769742737E0,-3.280278625E0
8.976292862E1,2.901117096E0,6.914870453E0,-1.885179749E0
8.996169562E1,3.022814026E0,8.398734741E0,-2.243833923E0
9.016046263E1,3.057242432E0,8.566086731E0,-3.555705872E0
9.035922879E1,3.679648132E0,8.238118744E0,-3.426674194E0
9.055799579E1,1.427281952E0,9.297765198E0,-4.663402405E0
9.075676279E1,5.167254639E-1,8.492888947E0,-4.915777588E0
9.095552979E1,5.852828979E-1,8.284372559E0,-4.728067932E0
9.115429679E1,8.264314270E-1,8.709488525E0,-5.432353363E0
9.135306475E1,1.321002960E0,8.744066620E0,-3.779939575E0
9.155183275E1,9.213340759E-1,8.722810822E0,-2.482288055E0
9.175059975E1,1.319206696E0,9.672735443E0,-3.105292511E0
9.194936675E1,1.222807159E0,9.682465210E0,-2.037113800E0
9.214813375E1,7.141648865E-1,9.740544434E0,-1.325792999E0
9.234690137E1,1.374292145E0,9.492809601E0,-1.902693329E0
9.254566837E1,9.868977356E-1,9.550140381E0,-8.605604553E-1
9.274443538E1,1.195863190E0,9.763147430E0,-1.536405029E0
9.294320338E1,1.636995850E0,9.353599091E0,-8.378077698E-1
9.314071338E1,-3.293151855E-2,9.732760620E0,-1.802401886E0
9.334199737E1,1.989512787E0,9.294472046E0,-1.188827820E0
9.359234337E1,1.149609375E0,1.000055374E1,-1.772164764E0
9.379111138E1,1.145268402E0,9.833052063E0,-3.495231628E-1
9.398987938E1,1.255738678E0,9.925110626E0,3.143463135E-1
9.418864737E1,2.176324310E0,8.587941284E0,-4.174818420E-1
9.438741600E1,1.766626282E0,9.736502838E0,-1.312321014E0
9.458618400E1,2.847977600E0,9.605974274E0,-6.159690857E-1
9.478495200E1,1.864373016E0,8.222102051E0,-1.775308228E-1
9.498372100E1,4.600084076E0,8.746611328E0,-1.492097168E0
9.518248900E1,2.316582642E0,9.082063751E0,-1.490899658E-1
9.538125738E1,7.024891663E-1,7.762857056E0,-4.224814453E0
9.558002537E1,1.770817566E-1,1.092443253E1,7.673043823E-1
9.577879337E1,2.824626160E-1,1.002555176E1,-1.729204102E0
9.597756237E1,6.899153137E-1,9.223220215E0,-1.380579071E0
9.617633037E1,1.405726776E0,9.759854279E0,-8.164022827E-1
9.637510025E1,1.588347015E0,8.936416626E0,-2.399510193E-1
9.657386825E1,1.121018829E0,9.478738861E0,-1.812431030E0
9.677263725E1,3.670068054E0,8.999585266E0,-7.423063660E-1
9.697140525E1,2.884202271E0,1.024828857E1,2.758763123E-1
9.717017325E1,2.882555695E0,8.442593536E0,7.547305298E-1
9.736894200E1,1.505868530E0,9.554481354E0,1.128952332E0
9.756771000E1,2.055375824E0,9.222172394E0,1.201701050E0
9.776647900E1,3.781436462E0,8.129145355E0,9.457333374E-1
9.796524700E1,4.647236023E0,9.331894226E0,5.406756592E-1
9.816401600E1,4.464316406E0,1.038929535E1,6.251000977E-1
9.836278425E1,2.605781250E0,6.525979156E0,7.975415039E-1
9.856155225E1,5.590873718E0,1.024170227E1,-2.332150269E-1
9.876032125E1,3.771107941E0,1.208721451E1,-3.200045471E0
9.895908925E1,1.733096008E0,6.604865112E0,-9.412426758E-1
9.915785825E1,2.608775024E0,9.335187378E0,-2.665507050E0
9.935662500E1,1.110839996E0,8.079448700E0,-1.534309387E-1
9.955916800E1,1.059496765E0,8.951984253E0,-1.913021851E-1
9.976045300E1,1.035995636E0,1.105810455E1,1.362167358E-2
9.996173800E1,3.555406494E0,9.140592041E0,-2.022144928E0
1.001630230E2,2.478545837E0,7.234006805E0,5.533992004E-1
1.003643082E2,4.990172882E0,1.068058960E1,-6.843768311E-1
1.005655923E2,4.858147430E0,7.872129822E0,-6.873706055E-1
1.007668772E2,5.453010406E0,8.367300110E0,5.846841431E-1
1.009681622E2,5.462889862E0,7.605833588E0,-3.245251465E-1
1.011694472E2,6.135740662E0,8.404871979E0,1.025517426E0
1.013707313E2,5.381010132E0,8.608448639E0,6.679110718E-1
1.015720162E2,3.389401703E0,8.691076813E0,9.102571106E-1
1.017733003E2,4.251459045E0,8.276289368E0,1.175655212E0
1.019745852E2,4.018244019E0,8.842561798E0,-1.429527283E-1
1.021758702E2,2.646945648E0,9.937534790E0,3.908372498E-1
1.023771549E2,4.129762115E0,8.975335693E0,-7.209008789E-1
1.025784399E2,3.056493988E0,9.110205231E0,2.565664673E-1
1.027797249E2,3.506308594E0,9.348659363E0,1.846709747E0
1.029810089E2,3.091820526E0,9.135502625E0,1.743574219E0
1.031822939E2,3.787873077E0,8.879684601E0,1.347198486E-2
1.033835792E2,2.906655579E0,9.314380646E0,-3.420387268E-1
1.035848632E2,2.484832764E0,9.806108093E0,-1.701960754E-1
1.037861482E2,1.923200684E0,8.874146118E0,-6.197113037E-1
1.039874322E2,2.474055176E0,9.358389130E0,-5.718109131E-1
1.041887172E2,2.680924988E-1,1.048090485E1,-1.149908752E0
1.043900015E2,-2.772235107E-1,1.012464569E1,-4.228706360E-1
1.045912855E2,2.008822632E-1,9.558373260E0,-9.737251282E-1
1.047925705E2,-1.105750580E0,1.029124924E1,-1.437011719E0
1.049938555E2,-8.068222046E-1,1.011356873E1,-1.466500397E0
1.051951405E2,-3.023712158E-1,8.960815887E0,-1.309476929E0
1.053964254E2,-1.300944672E0,1.038929535E1,-1.799258423E-1
1.055977104E2,-2.066153412E0,1.068672684E1,-1.087937622E0
1.057989944E2,-2.481539612E0,9.764344940E0,-7.123686218E-1
1.060002784E2,-2.909799042E0,9.261390839E0,4.144880676E-1
1.062015634E2,-1.983076172E0,1.011731094E1,1.460512848E0
1.065802294E2,-5.330415344E-1,8.091274109E0,6.891668701E-1
1.067789974E2,8.764274597E-1,1.064825684E1,-3.350033569E-1
1.069777654E2,2.459385681E-1,9.324709167E0,-5.288502502E-1
1.071765334E2,1.736538849E0,9.931098175E0,-1.011296997E0
1.073753014E2,1.399290161E0,9.604627075E0,-4.873864746E-1
1.075740694E2,1.671124878E0,1.055919205E1,-1.606758728E0
1.077728374E2,3.284619598E0,1.172511749E1,-7.247927856E-1
1.079716054E2,-3.207829285E-1,8.504564667E0,1.079105988E0
1.081703734E2,6.222560120E-1,9.770931244E0,5.719606018E-1
1.083691416E2,1.726060638E0,8.289611664E0,9.678872681E-1
1.085679096E2,4.266577606E0,9.571545868E0,1.624721375E0
1.087666776E2,3.718567200E0,1.119027969E1,1.911674652E0
1.089654456E2,5.485343170E0,1.126452530E1,3.800596619E-1
1.091642136E2,5.249433746E0,8.039481812E0,-3.607498169E-1
1.093629814E2,3.170556793E0,7.793692932E0,4.882846069E-1
1.095617494E2,8.672964478E-1,7.335046692E0,-9.449848938E-1
1.097605164E2,1.778302002E0,1.004471191E1,4.716691589E-1
1.099592844E2,9.678872681E-1,9.444011078E0,-1.895059204E-1
1.101580524E2,6.433621216E-1,9.756561127E0,1.945953369E-2
1.103568217E2,1.159339142E0,9.445657654E0,4.842430115E-1
1.105555898E2,2.161505127E-1,1.018586838E1,3.815565491E-1
1.107543578E2,5.718109131E-2,9.304950256E0,-1.860630798E-1
1.109531257E2,1.477427673E-1,9.291178894E0,-8.960366821E-1
1.111518947E2,-7.875123596E-1,9.749076691E0,-2.004331970E-1
1.113506626E2,-1.881587219E-1,1.068642746E1,-1.142873383E0
1.115494306E2,1.340911560E0,9.190438385E0,-2.730172577E0
1.117481986E2,3.088078308E-1,9.732461243E0,-2.443069611E0
1.119469676E2,8.279283142E-1,9.437873840E0,-1.765428772E0
1.121457356E2,1.728904724E-1,9.572444000E0,-8.536747742E-1
1.123445030E2,-1.584604797E0,9.075178070E0,-2.614762573E0
1.125432710E2,-1.838626556E0,9.258846130E0,-2.495760040E0
1.127420390E2,-8.342152405E-1,9.738897858E0,-3.382965088E0
1.129408070E2,-1.041384430E0,9.504485321E0,-2.761158142E0
1.131395750E2,-1.304836578E0,9.853858795E0,-2.311193848E0
1.133383429E2,-8.428971863E-1,9.933792572E0,-1.356179810E0
1.135371099E2,-6.592291260E-1,9.675429840E0,-2.800675964E-1
1.137358779E2,-3.634442139E-1,9.827812958E0,-7.544311523E-2
1.139346459E2,-7.749385071E-1,9.949360199E0,-1.307231598E0
1.141334149E2,-1.043031006E0,9.492061157E0,-2.091600494E0
1.143321841E2,-8.843609619E-1,9.017398224E0,-3.204236755E0
1.145309521E2,-1.123713226E0,9.310339050E0,-3.675456848E0