"Time (s)","X (rad/s)","Y (rad/s)","Z (rad/s)"
2.020582500E-1,4.706185460E-1,1.659923047E-1,-2.772448063E-1
4.033351250E-1,3.086785078E-1,-4.656516016E-1,-4.063209295E-1
6.046131250E-1,3.668602109E-1,-1.085368037E0,-1.840945035E-1
8.058901250E-1,3.874967694E-1,-9.702252746E-1,-1.932439506E-1
1.007168125E0,4.634254575E-1,-4.937828779E-1,-9.187987447E-2
1.208445125E0,6.337680221E-1,2.577924132E-1,5.257995427E-2
1.409722250E0,4.951206148E-1,5.843765736E-1,-1.637357324E-1
1.610999250E0,4.027302265E-1,6.871787906E-1,-2.610963881E-1
1.812276250E0,1.790529341E-1,5.361121297E-1,-2.651414275E-1
2.013554250E0,-2.927914858E-1,2.390408218E-1,-1.800743639E-1
2.214831250E0,-1.491712928E-1,-2.043988854E-1,-2.611267865E-1
2.416107875E0,-7.901030779E-1,3.776392043E-1,-3.417689204E-1
2.617384875E0,-7.980537415E-1,2.635167241E-1,-2.610091865E-2
2.818662875E0,-4.444948733E-1,1.068097055E-1,8.655319363E-2
3.019939875E0,-2.960876524E-1,-1.725423038E-1,1.232490838E-1
3.221217875E0,6.003706530E-2,5.432074070E-1,4.180746898E-2
3.422494667E0,-2.355733141E-2,8.372938633E-1,1.550637931E-1
3.623772667E0,4.173543770E-3,6.342996359E-1,9.276460111E-2
3.825049667E0,9.352082759E-2,3.011816144E-1,1.749447733E-1
4.026326667E0,1.808888316E-1,7.623370290E-1,4.740194678E-1
4.227604667E0,2.238974571E-1,7.667003274E-1,1.981591731E-1
4.428882125E0,5.387705564E-1,-1.050943732E-1,-2.119847685E-1
4.630160125E0,4.755033553E-1,2.995175123E-1,1.211185660E-2
4.831437125E0,2.628638744E-1,8.388434052E-1,2.447375059E-1
5.032714125E0,8.810438216E-2,7.682495117E-1,-9.781956673E-3
5.233992125E0,-1.878595352E-1,-6.630434990E-1,-6.128339097E-2
5.435268542E0,-3.302823901E-1,-8.931308985E-1,-1.601107121E-1
5.636546542E0,-3.078956604E-1,-2.263402045E-1,-1.251270920E-1
5.837823542E0,-1.438217461E-1,2.948760688E-1,-1.284960359E-1
6.039101542E0,-6.550547481E-2,2.994198501E-1,1.404506266E-1
6.240378542E0,1.692985371E-2,1.368174553E-1,2.463892475E-2
6.441656167E0,-8.892907761E-3,-1.391330004E0,-1.227785368E-2
6.642933167E0,-1.479864269E-1,-4.764081538E-1,-3.941480517E-1
6.844211167E0,-7.967101783E-2,-2.879652083E-1,-3.941449821E-1
7.045488167E0,-1.130963340E-1,-2.050135732E-1,-3.495852053E-1
7.246766167E0,1.554308236E-1,1.486594826E-1,1.421311647E-1
7.448043000E0,-9.980257601E-2,3.541358933E-2,1.977293342E-1
7.649321000E0,2.742950916E-1,-4.911307618E-2,5.329688266E-2
7.850598000E0,6.381562948E-1,1.747902036E-1,8.849655837E-2
8.051876000E0,4.484665394E-1,4.419735819E-2,-4.037886485E-2
8.253154000E0,-9.735447168E-2,-7.327470779E-1,1.996932179E-2
8.454432625E0,-1.666416228E-1,-1.717924774E-1,-1.717415750E-1
8.655710625E0,-3.261067718E-2,-1.401225626E-1,-3.138954192E-2
8.856988625E0,9.527750313E-3,-8.230575919E-2,-9.419094771E-3
9.058267625E0,-6.084882468E-2,-3.339768946E-2,-6.394782662E-2
9.259545625E0,1.200212985E-1,-1.169784218E-1,4.506052472E-3
9.460824750E0,1.253000498E-1,1.002274528E-1,-5.210985616E-2
9.662103750E0,1.243687570E-1,-4.816241935E-2,-9.322367609E-2
9.863381750E0,-3.197923303E-2,-8.721882701E-1,1.349289715E-1
1.006466075E1,-5.770822167E-1,-8.451043367E-1,2.023025900E-1
1.026593975E1,-7.744141221E-1,-5.705407858E-1,1.518200338E-1
1.046721775E1,-2.228081226E-1,-3.766722679E-1,1.225076057E-2
1.066849675E1,-4.793806747E-2,-5.563624501E-1,-3.027460352E-2
1.086977575E1,-2.097329497E-2,-3.122967780E-1,1.587638259E-2
1.107105375E1,3.740034997E-2,2.754601277E-2,-4.553561658E-2
1.127233275E1,9.913650155E-2,2.703422904E-1,-1.256799698E-1
1.147361125E1,1.169429347E-1,-9.734119475E-2,-1.608933508E-1
1.167488925E1,-2.980671525E-1,-4.955774918E-2,1.609584838E-1
1.187616825E1,3.928656876E-1,-3.239759803E-1,-9.553691745E-2
1.207744625E1,1.398802102E-1,-3.162523732E-2,-8.516034484E-2
1.227872425E1,-3.123524487E-1,-8.788129687E-2,1.178320348E-1
1.248000204E1,2.788143158E-1,1.026431084E0,1.603562385E-1
1.268128104E1,2.696694732E-1,1.330040932E0,-1.425549537E-1
1.288255904E1,1.133444667E0,1.240732193E0,-5.365612507E-1
1.308383804E1,8.899831772E-1,1.524697661E0,-4.934593737E-1
1.328511704E1,2.745475248E-2,1.728544712E0,-1.643448770E-1
1.348639675E1,-3.196399510E-1,7.593103647E-1,-2.399690636E-2
1.368767575E1,-1.648307443E-1,-4.140963852E-1,-9.568218887E-2
1.388895475E1,-3.707357645E-1,-8.674460649E-1,-9.198674560E-2
1.409023375E1,-3.989657164E-1,-1.848762631E-1,-9.972340427E-3
1.429151275E1,-1.357794851E-1,1.685928553E-1,1.539720446E-1
1.449279112E1,-1.014932543E-1,2.657761797E-2,1.663632318E-2
1.469407012E1,-1.256951839E-1,-1.492569894E-1,-1.857696474E-1
1.489534912E1,5.545953661E-2,-5.367785692E-1,3.476774693E-2
1.509662712E1,3.462541848E-2,-1.105726436E-1,-3.392197937E-2
1.529790612E1,8.747825027E-2,-1.396407783E-1,3.131188452E-2
1.549918392E1,1.281323880E-1,-3.339743242E-2,-9.383055568E-2
1.570046292E1,1.676944643E-2,6.010789052E-2,-2.273330539E-1
1.590174192E1,-3.965835646E-2,2.973516285E-1,-1.861356795E-1
1.610301992E1,9.262044728E-2,2.692288160E-1,-1.316705495E-1
1.630429892E1,-1.487187110E-4,1.574847102E-1,1.838129386E-2
1.650557713E1,6.221329793E-2,4.511661455E-2,1.255325973E-1
1.670685613E1,1.334648021E-2,-1.629686654E-1,1.468286663E-1
1.690813412E1,-5.587013811E-2,9.982494265E-2,-1.166147180E-2
1.710941312E1,1.288591325E-1,1.631834544E-2,-4.926085472E-2
1.731069112E1,-1.982117444E-1,8.876331151E-2,-5.185350776E-2
1.751196925E1,-6.273610592E-1,-3.446129858E-1,2.192741185E-1
1.771324725E1,-3.611358404E-1,1.261601299E-1,3.607356846E-1
1.791452625E1,2.335415035E-2,1.478301883E-1,2.815049291E-1
1.811580425E1,-8.877124637E-2,7.684677839E-2,1.716264635E-1
1.831708325E1,6.712768078E-1,5.145894885E-1,3.397944272E-1
1.851836213E1,3.302478492E-1,1.365682185E-1,2.854029834E-1
1.871964012E1,1.577064544E-1,-7.750192285E-2,2.633348405E-1
1.892091912E1,-1.379705071E-1,-4.445606172E-1,2.718546093E-1
1.912219713E1,-3.082433641E-1,-8.503551483E-1,3.063417673E-1
1.932347513E1,-2.495321929E-1,-6.180213690E-1,2.088327408E-1
1.952475300E1,-1.417847127E-1,-1.258218527E0,-3.623338044E-2
1.972603200E1,-9.361342341E-2,-7.697264552E-1,-8.324333280E-2
1.992731000E1,3.557328507E-2,-5.282546878E-1,-2.188629285E-2
2.012858800E1,4.438136145E-2,1.453156620E-1,7.595236599E-2
2.032986600E1,2.198572755E-1,-1.536114216E-1,1.535320096E-2
2.053114463E1,2.476683557E-1,-2.174956203E-1,5.843956769E-2
2.073242263E1,1.260255463E-2,-3.238536716E-1,-3.944104314E-1
2.093370062E1,-2.190073282E-1,-6.991941333E-1,-6.407088637E-1
2.113497962E1,-2.475780994E-1,-2.097077072E-1,-3.827867210E-1
2.133625762E1,-1.746824533E-1,5.733475089E-2,-1.241997629E-2
2.153753504E1,-7.418968678E-1,-5.422061682E-1,3.941737413E-1
2.173881404E1,-6.020481586E-1,-1.707195342E-1,3.219463527E-1
2.194009204E1,-1.338253468E-1,-1.791223586E-1,-1.075087488E-2
2.214137104E1,-2.453423589E-1,1.465625405E0,6.299513578E-2
2.234265004E1,-4.150002301E-1,1.233357668E0,-4.346923828E-1
2.254392838E1,2.231586725E-2,2.828383073E-2,-3.398643434E-1
2.274520738E1,3.091635108E-1,-4.604513645E-1,-1.355796754E-1
2.294648537E1,1.434197128E-1,-5.850268602E-1,-1.413193941E-1
2.314776437E1,1.413798183E-1,-1.000009179E0,-1.902044266E-1
2.334904337E1,3.012227714E-1,-1.158097863E0,-3.726184070E-1
2.355032125E1,4.046059847E-1,-5.550156832E-1,-2.375849485E-1
2.375160125E1,1.348673105E-1,-3.757010102E-1,-2.880576253E-1
2.395288025E1,3.874779046E-1,2.780068517E-1,-6.749747694E-2
2.415416025E1,2.240243256E-1,-1.892134696E-1,1.544188559E-1
2.435543925E1,6.531056762E-1,-2.640967965E-1,5.734646320E-1
2.455671929E1,3.948977590E-1,-1.197861195E0,4.267131388E-1
2.475799929E1,3.940530121E-1,-3.254095316E-1,3.502604365E-1
2.495927929E1,4.201523066E-1,-2.881859057E-2,1.248268485E-1
2.516055929E1,-2.146098018E-1,-4.586199522E-1,1.092741862E-1
2.536183929E1,-1.834827662E-1,-5.365785956E-1,-4.822777212E-2
2.556312000E1,-2.489497960E-1,-1.051928177E-1,1.522192918E-2
2.576440100E1,-1.233702060E-2,3.412466347E-1,-4.668239132E-2
2.596568100E1,2.292903662E-1,-2.614926100E-1,1.224383637E-1
2.616696200E1,-4.544965923E-1,-9.222418666E-1,3.776191473E-1
2.636824300E1,-5.569523573E-1,3.974924684E-1,-2.430728227E-1
2.656952375E1,8.177769929E-2,1.080022097E0,2.579187229E-2
2.677080475E1,-2.172396332E-1,-4.605876282E-2,1.436920185E-2
2.697208575E1,1.702369153E-1,-2.538050115E-1,6.564463023E-3
2.717336675E1,8.051278442E-2,-2.930049300E-1,3.791187704E-2
2.737464775E1,1.392894983E-1,7.071583271E-1,-3.938860595E-1
2.757592863E1,1.709462255E-1,4.863548279E-1,-2.309266925E-1
2.777721063E1,1.196750626E-1,8.281727135E-2,-6.772608310E-2
2.797849162E1,6.641629338E-2,1.872304827E-1,-9.327181429E-2
2.817977363E1,-1.367960423E-1,8.817262053E-1,1.754459441E-1
2.838105425E1,3.065656126E-1,5.208469033E-1,1.476823390E-1
2.858233625E1,1.042937934E-1,7.389951348E-1,1.588632613E-1
2.878361825E1,-4.907675460E-2,1.131256461E0,1.153345183E-1
2.898489925E1,2.209038138E-1,-2.365992665E-1,3.292630194E-3
2.918618125E1,2.269638181E-1,2.257672101E-1,-1.331093907E-1
2.938746413E1,2.090332061E-1,4.319527745E-1,1.436590403E-1
2.958874513E1,1.506908983E-1,-4.889099598E-1,2.735604644E-1
2.979002713E1,9.359280765E-2,-7.255340815E-1,1.791727245E-1
2.999130913E1,-2.124851383E-2,-3.736136556E-1,4.809291661E-2
3.019259113E1,-1.826718450E-1,2.760711685E-2,-2.651156485E-2
3.039387267E1,-9.649901092E-2,1.580077857E-1,6.592135131E-2
3.059515367E1,-3.298335522E-2,6.117004752E-1,1.461947113E-1
3.079643567E1,-1.648816094E-2,1.566539854E-1,2.016572654E-1
3.099771767E1,-1.378417313E-1,2.023173273E-1,1.980569959E-1
3.119899867E1,-9.350804240E-2,3.444841802E-1,1.600781381E-1
3.140028088E1,3.712924942E-2,5.984804630E-1,-9.608469903E-3
3.160156288E1,1.977199167E-1,4.241295159E-1,2.293045819E-1
3.180284388E1,-1.716425419E-1,-1.863802522E-1,-4.273884743E-2
3.200412588E1,-3.508787453E-1,8.175718784E-1,-7.283051312E-2
3.220540688E1,-5.286298394E-1,3.325386345E-1,-6.192429457E-3
3.240668942E1,-3.109937310E-1,-3.182465434E-1,-9.881468862E-2
3.260797042E1,-1.771915108E-1,-5.736507773E-1,-1.157395244E-1
3.280925242E1,-1.918263137E-1,-4.461547136E-1,-5.321258307E-2
3.301053342E1,-5.352698732E-3,3.638280183E-2,2.595964447E-2
3.321181542E1,-1.932173967E-1,1.197027266E-1,-2.315543592E-2
3.341309763E1,-1.344383210E-1,5.298094153E-1,-3.385312110E-2
3.361437863E1,-6.798081845E-2,-1.247692630E-1,2.915531769E-2
3.381566062E1,-1.746751815E-1,3.036089838E-1,3.922282904E-2
3.401694262E1,4.919852912E-1,7.428960204E-1,-1.074206010E-1
3.421822463E1,-6.237793565E-1,-1.952276677E-1,1.027802154E-1
3.441950650E1,-2.657527030E-1,9.669844508E-1,1.215053573E-1
3.462078850E1,-2.314319909E-1,7.199361920E-1,2.074108571E-1
3.482207050E1,-9.029076993E-2,1.717653573E-1,1.321563721E-1
3.502335250E1,1.671054661E-1,1.125998139E0,2.562841177E-1
3.522463450E1,4.504954815E-1,1.293784976E0,2.119699121E-1
3.542591575E1,4.451926649E-1,8.352438211E-1,-3.536153585E-2
3.562719775E1,6.022372842E-1,2.140219063E-1,-1.879244298E-1
3.582847975E1,7.971909046E-1,1.015945673E-1,3.156133741E-2
3.602976075E1,7.814089060E-1,-1.608256996E-1,2.886105776E-1
3.623104275E1,8.116261959E-1,-5.550843477E-1,4.466448352E-2
3.643232292E1,7.205054760E-1,-2.829700410E-1,-3.583721071E-2
3.663360492E1,2.830398381E-1,-3.686157288E-3,-1.043764874E-2
3.683488692E1,-4.392490089E-1,4.567627311E-1,1.531488001E-1
3.703616792E1,-5.297390223E-1,7.725814581E-1,1.354781389E-1
3.723744992E1,-5.623545051E-1,1.270670891E-1,-2.890017256E-2
3.743873188E1,-5.859836936E-1,6.901232004E-1,-3.212069720E-2
3.764001388E1,-1.686408520E-1,2.739655972E-1,-5.685386434E-2
3.784129587E1,1.358518600E-1,-2.739790976E-1,-7.467016578E-2
3.804257787E1,3.793317452E-2,-1.199129149E-1,-4.757855460E-2
3.824385988E1,-4.190716147E-1,-1.777776003E0,5.128881335E-2
3.844514200E1,-4.304607511E-1,-1.498148561E0,-2.296153158E-1
3.864642400E1,2.624384165E-1,7.887130231E-2,-2.619225979E-1
3.884770500E1,-1.242467985E-1,-3.073137440E-2,-6.049830839E-2
3.904898700E1,-1.154205799E0,-1.833331466E0,1.156928465E-1
3.925026900E1,-3.216305971E-1,-1.497344971E-1,-1.455264688E-1
3.945155125E1,4.712209702E-1,6.402479857E-2,4.296696931E-2
3.965283225E1,-1.018485278E-1,-1.905523092E-1,-1.464093477E-2
3.985411425E1,-5.965017676E-1,-1.711860299E0,9.175762534E-2
4.005539525E1,4.983406886E-2,5.195289850E-2,2.541663945E-1
4.025667725E1,9.485965967E-1,4.612631500E-1,5.727210045E-1
4.045795954E1,3.282133341E-1,-1.796794683E-2,3.002393246E-1
4.065924054E1,2.603671849E-1,-3.550915122E-1,5.667615682E-2
4.086052254E1,4.096117318E-1,2.110786140E-1,-2.000508308E-1
4.106180354E1,2.964254618E-1,3.363263011E-1,-5.288195610E-2
4.126308554E1,-8.673582226E-2,1.599468142E-1,-1.006302163E-1
4.146436567E1,-1.256392151E-1,8.642725646E-2,-8.812749982E-1
4.166564767E1,-1.106465757E-1,3.231925070E-1,-4.007450044E-1
4.186692867E1,-2.226891518E-1,1.565974206E-1,-2.480168492E-1
4.206821067E1,9.412209503E-3,-2.039034367E-1,-1.580908895E-2
4.226949167E1,-9.730812907E-2,-7.698696852E-2,-2.017700076E-1
4.247077375E1,-2.520733979E-3,-1.246042401E-1,-6.610778719E-2
4.267205575E1,9.702242911E-2,-1.214126274E-1,-4.492468014E-2
4.287333775E1,2.654106822E-3,-7.981020957E-2,1.184001863E-1
4.307461875E1,1.230460554E-1,7.986204699E-3,8.757257462E-2
4.327590075E1,1.301896721E-1,-2.760517038E-2,1.080162451E-2
4.347718267E1,-6.199819036E-4,-1.156928018E-1,-8.571302891E-2
4.367846467E1,-3.893425316E-2,-2.659021616E-1,-7.358304411E-2
4.387974667E1,-1.863489300E-1,-1.068828106E-1,-4.230579734E-2
4.408102967E1,-7.644008100E-2,-2.886815071E-1,-7.470050454E-2
4.428231167E1,-2.402879149E-1,-4.636883438E-1,-8.180569857E-2
4.448359325E1,-1.809028089E-1,-3.897676766E-1,-7.226537168E-2
4.468487625E1,9.503422678E-2,4.225084186E-2,3.894114168E-3
4.488615825E1,1.889242381E-1,1.930640191E-1,-1.092021167E-1
4.508744025E1,-7.248289138E-2,1.154691726E-1,7.510283589E-2
4.528872225E1,-1.873998046E-1,-6.805274487E-1,2.017849833E-1
4.549000542E1,-4.477688372E-1,-1.060050249E0,-2.234757245E-1
4.569128742E1,-5.330010653E-1,-4.125436246E-1,-4.475065321E-2
4.589256942E1,1.351311505E-1,-6.914331913E-1,-2.347719669E-1
4.609385142E1,-2.791819572E-1,-1.668468118E-1,-4.925325885E-2
4.629513442E1,4.279607534E-1,4.718965292E-1,2.594707906E-2
4.649641567E1,7.438263893E-1,1.782556772E-1,4.318181425E-2
4.669769767E1,7.376433611E-1,3.226256669E-1,-6.154273823E-2
4.689897967E1,6.627590656E-1,6.514326930E-1,-3.999482691E-1
4.710026167E1,4.167070091E-1,1.949118525E-1,-1.635926664E-1
4.730154367E1,2.111751400E-2,-6.294444799E-1,2.480378374E-2
4.750282650E1,-1.333274040E-2,-9.499196410E-1,9.304452688E-3
4.770410850E1,2.360993922E-1,-5.143539310E-1,1.581415832E-1
4.790539050E1,2.290962636E-2,-5.059168488E-2,-8.394597098E-3
4.810667250E1,-6.373508275E-2,4.326558709E-1,-1.575964540E-1
4.830795450E1,-1.314346790E-1,1.203237891E0,-2.019022852E-1
4.850923525E1,-7.344489694E-1,7.386258841E-1,-3.375056982E-1
4.871051725E1,-2.465276420E-1,2.515099943E-1,-1.204966828E-1
4.891179925E1,-9.664937854E-2,-1.710121036E-1,-7.272534817E-2
4.911308125E1,-3.441393971E-1,4.722926915E-1,1.157073006E-1
4.931436225E1,-1.198538303E0,2.746099234E0,5.806225538E-1
4.951564312E1,-4.503158927E-1,5.349259973E-1,2.698382139E-1
4.971692513E1,3.512575030E-1,4.476014674E-1,-3.108137548E-1
4.991820713E1,2.882755995E-1,7.399046328E-3,-1.996399015E-1
5.011948913E1,4.281741679E-1,-1.602012664E-1,6.827491522E-2
5.032077012E1,1.612288058E-1,-5.070632696E-2,3.278425336E-1
5.052205225E1,8.110034466E-1,-6.737185270E-2,3.872882426E-1
5.072333425E1,1.031264186E0,7.988747954E-1,1.731607616E-1
5.092461625E1,3.932458758E-1,1.320461273E0,-2.077060752E-2
5.112589725E1,5.462414771E-2,6.864773035E-1,-2.337331772E-1
5.132717925E1,-3.544057310E-1,-4.669533968E-1,-1.573578864E-1
5.152846188E1,-1.743963063E-1,-4.807845354E-1,-5.126543343E-3
5.172974388E1,1.410821676E-1,-2.802100480E-1,1.609824747E-1
5.193102588E1,-1.708957367E-2,-2.573717833E-1,1.165572256E-1
5.213230787E1,-3.748335838E-1,-9.451646209E-1,3.600616157E-1
5.233358888E1,-3.945241868E-1,-7.944743633E-1,2.408542112E-2
5.253487100E1,-2.446201891E-1,-6.589303613E-1,-2.129819840E-1
5.273615300E1,-4.364119768E-1,-7.486364990E-2,9.784477949E-2
5.293743500E1,-6.607136726E-1,-4.363975227E-1,1.992296875E-1
5.313871700E1,-2.709332108E-1,-4.623247683E-2,-4.098460451E-2
5.334000000E1,8.129845373E-4,1.146641850E0,-2.424754947E-1
5.354128242E1,-8.590748906E-2,6.839193106E-1,-3.353348672E-1
5.374256442E1,-2.853395343E-1,-3.701781631E-1,-3.461807221E-2
5.394384742E1,-2.370723486E-1,-8.695244044E-2,3.658132255E-1
5.414512942E1,1.058824807E-1,5.881969929E-1,7.359418273E-1
5.434641242E1,3.380511403E-1,9.456416965E-1,1.456304044E-1
5.454769367E1,1.952101290E-1,7.346197963E-2,2.102393210E-1
5.474897567E1,1.689576358E-2,-2.009549290E-1,2.322955579E-1
5.495025767E1,1.511324793E-1,1.492431462E-1,2.473640442E-2
5.515154067E1,1.244950369E-1,-7.059554458E-1,-1.536426246E-1
5.535282267E1,3.236339688E-1,-8.188772202E-1,-3.090320230E-1
5.555410479E1,7.798211277E-2,-4.445616603E-1,-2.917214632E-1
5.575538679E1,1.898122951E-2,-6.974053383E-1,1.829621494E-1
5.595666879E1,4.579134583E-1,-2.470868826E-1,-5.430488661E-2
5.615795079E1,3.522489667E-1,-4.019238949E-1,-1.151559874E-1
5.635923279E1,3.811811507E-1,-5.871633291E-1,-3.116357028E-1
5.656051492E1,2.885972261E-1,-2.970757186E-1,-1.871047169E-1
5.676179692E1,5.476787090E-1,7.910310030E-1,-1.708672754E-2
5.696307892E1,-2.950760070E-3,2.063017339E-1,4.000847787E-2
5.716436092E1,-2.723994255E-1,5.400720239E-1,1.910400391E-1
5.736564292E1,-2.310640365E-1,2.862236500E-1,-1.569251716E-1
5.756692488E1,-2.781956922E-3,-6.232448816E-1,3.515595794E-1
5.776820688E1,-8.047146797E-1,-8.318328857E-1,-3.236319125E-1
5.796948888E1,-5.421776772E-1,1.010909796E0,7.006796449E-2
5.817077088E1,-3.063032031E-1,-3.954996765E-1,-5.675355345E-2
5.837205388E1,-3.934616148E-1,-7.318288088E-1,4.247603938E-2
5.857333650E1,-6.246541142E-1,-5.794426203E-1,-1.388883963E-2
5.877461850E1,-4.558084905E-1,-7.141666412E-1,-1.253472567E-1
5.897590050E1,2.459653318E-1,-4.738608003E-1,-1.871099919E-1
5.917718250E1,2.018278241E-1,-6.456853822E-3,-1.032358855E-1
5.937846550E1,-9.940385818E-2,-2.062782198E-1,-3.311270848E-2
5.957974738E1,-1.296890229E-1,-3.287370801E-1,5.338633433E-2
5.978102938E1,-5.819183588E-2,-1.655819416E-1,4.021116719E-2
5.998231138E1,-1.546338350E-1,-6.956695020E-2,1.196620986E-2
6.018359438E1,-8.593665063E-2,-3.894976079E-1,-6.949748844E-2
6.038487637E1,1.475081146E-1,-5.172843933E-1,2.251710370E-2
6.058615750E1,-6.950677931E-2,6.252610125E-3,-2.275873348E-2
6.078743950E1,-4.419080168E-2,-3.262618780E-1,-1.239662245E-1
6.098872250E1,6.992710829E-1,2.566820383E-1,1.869168249E-3
6.119000450E1,4.725457132E-1,-3.795035779E-1,5.299318209E-2
6.139128650E1,4.323236048E-1,-4.608595371E-1,1.728484333E-1
6.159256913E1,6.366505623E-1,-1.986886747E-2,3.592986166E-1
6.179385213E1,2.213031650E-1,-1.387627870E-1,2.032724768E-1
6.199513412E1,1.734625548E-1,-9.969052076E-1,6.400523707E-4
6.219641612E1,-2.401960082E-2,-1.715411186E0,-2.227814794E-1
6.239769813E1,-9.977771342E-2,-6.694629788E-1,-3.175960481E-1
6.259898042E1,-1.015965715E-1,-5.096586347E-1,-1.266417354E-1
6.280026242E1,5.458806455E-2,3.864597678E-1,-2.055438459E-1
6.300154442E1,-1.891662478E-1,8.652169704E-1,1.722785830E-1
6.320282642E1,-6.159348488E-1,-3.463535905E-1,1.212976053E-1
6.340410842E1,-2.029840350E-1,3.540779948E-1,-3.779484704E-2
6.360539063E1,-5.380334258E-1,-3.909425065E-2,7.627455145E-2
6.380667363E1,-1.513684988E-1,5.712069869E-1,2.878072262E-1
6.400795563E1,-1.495970190E-1,5.055879951E-1,1.937195212E-1
6.420923763E1,-1.012519151E-1,4.379900396E-1,1.496029645E-1
6.441052063E1,-6.805920601E-2,1.359290183E-1,2.715626359E-1
6.461180354E1,-1.983841062E-1,8.161363602E-1,2.691604197E-1
6.481308554E1,-1.850879490E-1,1.906471252E-1,2.137376666E-1
6.501436854E1,-4.554035366E-1,1.103881955E0,2.292449623E-1
6.521565154E1,-8.335902542E-2,7.886689901E-1,-3.940634429E-2
6.541693388E1,4.705972672E-1,2.452613115E-1,-2.120317221E-1
6.561821688E1,2.322563827E-1,-1.743579060E-1,4.011292011E-2
6.581949988E1,4.895314276E-1,3.545589745E-1,1.021322235E-1
6.602078288E1,4.093633592E-1,4.201573730E-1,-2.862022817E-1
6.622206588E1,5.316863656E-1,2.139652371E-1,-1.268316507E-1
6.642335012E1,3.272476494E-1,-3.002778292E-1,1.032388210E-1
6.662463313E1,1.917037368E-1,-8.685648441E-1,1.745777279E-1
6.682591713E1,3.610011563E-2,-5.789569020E-1,1.687475592E-1
6.702720013E1,2.583093941E-1,-2.079075575E-1,2.715833783E-1
6.722848313E1,7.787699997E-2,4.747479260E-1,2.345002592E-1
6.742976767E1,-1.269966513E-1,7.097619772E-1,1.898998171E-1
6.763105067E1,-3.493103087E-1,4.533970058E-1,-8.383439481E-2
6.783233367E1,-2.235241830E-1,1.345905542E0,-2.731004059E-1
6.803361767E1,-1.312358528E-1,9.133914858E-2,-1.404869705E-1
6.823490067E1,1.324021667E-1,7.080437541E-1,1.210115775E-1
6.843618329E1,-6.853668392E-2,2.965703011E-1,-1.113391593E-1
6.863746629E1,4.577974975E-2,6.782299280E-2,-7.192190737E-2
6.883875029E1,-7.350233942E-2,-4.042579830E-1,2.044601738E-1
6.904003329E1,-1.824859381E-1,-7.046664357E-1,1.945593208E-1
6.924131729E1,9.665790200E-2,1.346139461E-1,1.390586197E-1
6.944260025E1,-9.617208689E-2,-6.222733259E-1,-1.235078797E-1
6.964388325E1,-3.482523263E-1,-8.231690526E-1,-2.343256027E-1
6.984516725E1,-1.604282111E-1,1.304762065E-1,-2.480877787E-1
7.004645025E1,-7.599292397E-1,6.836478710E-1,-2.562824264E-2
7.024773425E1,-6.336091161E-1,-1.134555221E0,1.438545138E-1
7.044901725E1,-8.382866979E-1,-1.344854355E0,-1.545840204E-1
7.065030025E1,-2.888568342E-1,-1.363815308E0,1.510956436E-1
7.085158425E1,7.094572783E-1,-2.765289545E-1,5.876193047E-1
7.105286725E1,8.380976319E-1,-7.055378705E-2,5.031145178E-3
7.125415025E1,6.528478265E-1,5.107649565E-1,-2.011583596E-1
7.145543312E1,2.944894135E-1,3.545002341E-1,-2.298680395E-1
7.165671612E1,4.171450436E-1,1.726129279E-2,-1.312080175E-1
7.185799913E1,3.034055531E-1,-8.436291218E-1,4.665078595E-2
7.205928213E1,3.059904873E-1,-9.694156051E-1,-3.173186257E-2
7.226056513E1,-1.530752331E-1,-1.853323698E0,-5.769193918E-2
7.246184825E1,-4.941448569E-1,-1.846598268E0,1.065774113E-1
7.266313125E1,-3.907709420E-1,-5.589119792E-1,2.454103678E-1
7.286441425E1,-1.590692550E-1,2.646711767E-1,1.833103299E-1
7.306569725E1,-4.713832140E-1,1.881600916E-1,-6.213361025E-2
7.326698025E1,-7.027418911E-2,4.004043043E-1,-1.315787435E-1
7.346826325E1,1.603839993E-1,5.547103882E-1,-3.916814178E-2
7.366954625E1,-3.697787225E-1,7.258139253E-1,-5.293188617E-3
7.387082925E1,-2.801052928E-1,1.370353699E0,-1.303338408E-1
7.407211225E1,-2.792879641E-1,8.595466614E-1,-1.492610853E-2
7.427339525E1,1.439032555E-1,-1.502413899E-1,4.788480327E-2
7.447467762E1,5.970666930E-2,-9.938910604E-1,1.081922799E-1
7.467596062E1,-1.327254474E-1,-6.619814038E-1,-1.651042327E-2
7.487724363E1,-6.072729826E-1,2.628200352E-1,4.832058027E-2
7.507852663E1,-8.344212174E-1,1.515011489E-1,-9.126376361E-2
7.527980963E1,-3.315998912E-1,-8.888758719E-2,-4.406877160E-1
7.548109325E1,-8.110200614E-2,-3.939049840E-1,-6.535595059E-1
7.568237625E1,1.316891462E-1,-3.059874177E-1,-2.761641443E-1
7.588365925E1,3.195409477E-1,-2.307493985E-1,-3.103101552E-1
7.608494225E1,6.344447732E-1,-7.230328918E-1,-1.015739143E-1
7.628622525E1,3.111869991E-1,3.137732744E-1,-2.576519921E-2
7.648750792E1,6.527127028E-1,2.475970685E-1,1.036734357E-1
7.668879192E1,8.359544873E-1,1.672063023E-1,3.052157760E-1
7.689007492E1,8.665963411E-1,2.952489853E-1,3.128451109E-1
7.709135792E1,1.078375101E0,1.396302581E0,3.191894889E-1
7.729264092E1,6.230589151E-1,2.467486620E0,-1.335612386E-1
7.749392438E1,4.514733851E-1,1.586364627E0,-3.566734791E-1
7.769520738E1,7.601410151E-2,5.168614164E-2,-3.937576115E-1
7.789649038E1,2.270706892E-1,-4.097703695E-1,9.754057229E-2
7.809777338E1,1.991693974E-1,-1.903776526E-1,4.411889911E-1
7.829905637E1,1.451330930E-1,-5.552819967E-1,4.389410615E-1
7.850034017E1,-3.093913198E-2,2.138391137E-2,-6.768761575E-2
7.870162317E1,1.445530076E-2,-1.574772447E-1,-1.287042499E-1
7.890290617E1,-6.352493167E-2,-4.214946330E-1,3.738806769E-2
7.910418917E1,-3.212628514E-2,-2.094760984E-1,9.700530767E-2
7.930547317E1,2.429700196E-1,-1.327476203E-1,1.583136022E-1
7.950675629E1,3.666216880E-2,2.233398557E-1,-7.027766202E-3
7.970803929E1,-8.678781986E-2,-2.229635268E-1,-7.676067203E-2
7.990932329E1,9.750342369E-2,2.454425991E-1,-1.781126857E-1
8.011060629E1,-7.618318312E-3,3.524521589E-1,-1.009455100E-1
8.031188929E1,-5.482752621E-2,-4.418238625E-2,-3.462459147E-2
8.051317275E1,-2.181886137E-1,-1.550308019E-1,-1.631771773E-1
8.071445575E1,-5.971594453E-1,-3.811807632E-1,-6.226392090E-2
8.091573875E1,-3.178107440E-1,-1.478775144E-1,-1.138105802E-2
8.111702175E1,-7.127722502E-1,-7.017443776E-1,-1.718201041E-1
8.131830375E1,-5.826306343E-1,-4.395954311E-1,-3.736175224E-2
8.151958750E1,-2.296924144E-1,-1.794268787E-1,-1.521434635E-1
8.172087050E1,2.007922232E-1,3.049506843E-1,-1.695226133E-1
8.192215350E1,-1.654791683E-1,-2.461709082E-1,1.803294718E-1
8.212343650E1,-1.142468974E-1,1.600580662E-1,-9.212494642E-2
8.232471950E1,8.551602811E-2,1.856443137E-1,-5.085482821E-2
8.252600125E1,-6.839116663E-2,1.031521559E0,1.947535127E-1
8.272728325E1,-1.297841780E-2,8.239119649E-1,1.324553937E-1
8.292856625E1,6.604074687E-2,-6.834241748E-2,-1.623699367E-1
8.312984925E1,6.597229838E-2,-9.971896410E-1,-6.232137233E-2
8.333113125E1,-5.105330348E-1,-6.790603399E-1,-1.930645555E-1
8.353241517E1,-3.732141554E-1,-1.873282194E-1,-6.691185385E-2
8.373369817E1,-7.613935322E-2,-1.232208759E-1,8.150797337E-2
8.393498117E1,2.432513982E-1,-5.823505521E-1,1.247855052E-1
8.413626317E1,-6.698634475E-2,-9.714331031E-1,1.228226796E-1
8.433754617E1,9.232402593E-2,-6.327052116E-1,8.174875751E-3
8.453882900E1,4.689645022E-2,-2.618527114E-1,-6.132242270E-3
8.474011200E1,5.429081991E-2,7.739979625E-1,1.116584316E-1
8.494139400E1,-7.009824365E-2,3.589208722E-1,4.164019972E-2
8.514267600E1,2.117726952E-3,2.159251869E-1,2.272714376E-1
8.534395800E1,-3.804868162E-1,8.701035976E-1,1.658633202E-1
8.554523938E1,-3.128641248E-1,1.403294086E0,6.069206446E-2
8.574652137E1,-2.168537229E-1,2.752198577E-1,1.709188521E-1
8.594780437E1,2.848639339E-2,-6.302916408E-1,2.576836199E-2
8.614908637E1,-6.830214858E-1,3.440062106E-1,-5.531022698E-2
8.635036838E1,-2.431641668E-1,-2.335271053E-2,-2.508345842E-1
8.655164963E1,-1.126053259E-1,-3.156068176E-2,-4.542631805E-1
8.675293263E1,-2.410122305E-1,-1.246345714E-1,-3.131953776E-1
8.695421463E1,2.305106968E-1,-3.929083347E-1,-1.682081074E-1
8.715549662E1,1.021610945E-1,-2.431836128E-1,1.334107667E-1
8.735677962E1,3.715958297E-1,-2.019106001E-1,-3.172098100E-2
8.755806125E1,1.060051322E-1,1.331123561E-1,1.552613676E-1
8.775934425E1,4.794668257E-1,-1.374048144E-1,1.841065846E-2
8.796062625E1,6.408418417E-1,-1.593930274E-1,-3.487409279E-2
8.816190925E1,4.189442992E-1,-6.562059373E-2,-3.504980206E-1
8.836319125E1,3.539207876E-1,2.236901224E-1,-4.111796618E-1
8.856447417E1,5.398399830E-1,4.028098881E-1,-1.331297606E-1
8.876575617E1,2.642614245E-1,1.029459596E0,2.409216166E-1
8.896703917E1,-7.713836432E-2,1.376080394E0,3.304559886E-1
8.916832117E1,-1.818691939E-1,7.681914568E-1,2.128455192E-1
8.936960417E1,-2.641825378E-1,6.181974411E-1,-8.687499911E-2
8.957088850E1,-2.287786454E-1,-8.262911811E-3,-1.050730497E-1
8.977217050E1,-7.695201039E-1,3.775658906E-1,1.228704527E-1
8.997345350E1,-3.781449795E-1,2.354060858E-1,9.467925876E-2
9.017473650E1,-1.498351842E-1,5.167256594E-1,-8.723120391E-2
9.037601950E1,-1.818667352E-2,-8.819478750E-2,-6.836260855E-2
9.057730150E1,-1.593606621E-1,3.305474818E-1,4.486866295E-2
9.077858450E1,-1.168284565E-1,1.382594705E-1,1.041554958E-1
9.097986750E1,-2.109151334E-1,2.092079371E-1,-3.666842822E-4
9.118114950E1,1.925339103E-1,-3.957615793E-1,-1.221442148E-1
9.138243250E1,-2.530834377E-1,-7.638183236E-1,-6.021475196E-1
9.158371450E1,-3.934747353E-2,-1.873008609E-1,-2.667857334E-2
9.178499750E1,2.418729067E-1,3.521878421E-1,1.097965837E-1
9.198627950E1,3.936652541E-1,1.474999040E-1,1.609832197E-1
9.218756250E1,4.359354973E-1,-7.731297612E-2,2.805173397E-1
9.238884550E1,3.754869103E-1,-3.221919835E-1,5.141281337E-2
9.259012700E1,2.852747142E-1,-5.086909533E-1,3.611924127E-2
9.279141000E1,1.862096339E-1,-7.914227247E-1,7.763198763E-2
9.299269300E1,-4.832175747E-2,-1.159223676E0,-3.301439434E-2
9.319397500E1,-1.159262210E-1,-1.057617068E0,9.156591259E-3
9.339525800E1,-1.470925212E-1,4.960514009E-1,-3.220916912E-2
9.359654054E1,-1.914359331E-1,-6.517072320E-1,-2.038025483E-2
9.379782354E1,-4.045918584E-2,-7.854331136E-1,-1.496557891E-1
9.399910654E1,-2.984449267E-3,-4.034450650E-1,-2.709599957E-2
9.420038954E1,2.336663902E-1,-8.925811648E-1,8.390870690E-2
9.440167154E1,1.483077109E-1,-4.893400371E-1,1.965211481E-1
9.460295317E1,1.600261033E-1,-9.883029014E-2,3.936445713E-1
9.480423617E1,4.675706849E-2,-2.467317730E-1,1.934265345E-1
9.500551917E1,-6.931316108E-2,-6.634712815E-1,1.971182823E-1
9.520680217E1,-2.849167585E-1,1.759456992E-1,4.912934601E-1
9.540808417E1,-2.244744748E-1,4.293861389E-1,-3.394478932E-2
9.560936850E1,-1.351716518E-1,8.399768472E-1,2.287724614E-2
9.581065150E1,-7.162570357E-1,6.277731657E-1,-1.908451170E-1
9.601193450E1,-6.377181411E-1,1.167701185E-1,-7.296378911E-2
9.621321750E1,-5.240960792E-2,5.214571357E-1,-8.417026699E-2
9.641450050E1,7.956803441E-1,2.809703350E-1,6.340352446E-2
9.661578429E1,5.299884081E-1,-2.793209553E-1,-1.878752410E-1
9.681706729E1,8.960804939E-1,4.171250761E-1,-3.830646873E-1
9.701835029E1,3.702630699E-1,-1.431572884E-1,-2.801643014E-1
9.721963329E1,-7.586788386E-2,-6.303194165E-2,2.242220491E-1
9.742091629E1,-4.324344099E-1,-1.610416025E-1,-2.330043167E-1
9.762220025E1,-1.054848433E0,1.951890737E-1,4.113405943E-1
9.782348325E1,-3.678309023E-1,6.096523404E-1,8.558788896E-1
9.802476625E1,-1.910060346E-1,5.234684944E-1,4.077709615E-1
9.822605025E1,7.954017818E-2,9.170981646E-1,4.055700302E-1
9.842733325E1,-1.326857209E-1,9.463430047E-1,1.107638031E-1
9.862861575E1,5.925378948E-2,1.770433307E0,3.033550680E-1
9.882989975E1,-3.378041685E-1,8.925777674E-1,4.700619578E-1
9.903118275E1,1.592778713E-1,4.769757390E-1,-9.036508203E-2
9.923246675E1,2.645942271E-1,-1.120258272E-1,-2.328458577E-1
9.943375075E1,6.526882052E-1,-8.440241218E-2,3.997562826E-1
9.963503375E1,6.388067603E-1,1.747747809E-1,2.040584981E-1
9.983631775E1,7.364381552E-1,1.250761271E0,1.455028355E-1
1.000376008E2,8.148178458E-1,1.409610510E0,-2.875087857E-1
1.002388847E2,5.952851176E-1,4.353869259E-1,-2.609552443E-1
1.004401677E2,3.471150994E-2,-7.787662745E-1,-4.402994514E-1
1.006414519E2,-2.237194180E-1,-4.588772655E-1,-6.416705996E-2
1.008427359E2,-9.866861254E-2,-2.683592141E-1,1.067531854E-1
1.010440199E2,6.704594940E-2,-4.140689969E-1,-3.800750524E-2
1.012453039E2,-3.292032778E-1,-8.397244215E-1,8.874613047E-2
1.014465885E2,-1.313644350E-1,-4.946424067E-1,-3.837753553E-3
1.016478715E2,-7.160918415E-2,-5.895594358E-1,2.523215115E-1
1.018491555E2,-4.511306286E-1,-9.982956648E-1,1.994465888E-1
1.020504385E2,-5.417948961E-1,-5.201736093E-1,1.961254030E-1
1.022517225E2,-5.460031033E-1,8.975452930E-2,2.443966568E-1
1.024530059E2,-4.828994572E-1,1.426886674E-2,1.236430109E-1
1.026542889E2,-2.700874507E-1,2.420029342E-1,7.285283506E-2
1.028555729E2,-7.597461343E-2,4.596808255E-1,2.400028333E-2
1.030568559E2,3.893569345E-3,2.492334843E-1,-2.133267000E-2
1.032581399E2,1.140677482E-1,1.990922987E-1,-4.423399270E-2
1.034594235E2,1.269939691E-1,-1.992684156E-1,-1.505564153E-1
1.036607065E2,-2.791592777E-1,-9.326724410E-1,-1.887832284E-1
1.038619905E2,-5.768243074E-1,-1.317951560E0,-2.952792346E-1
1.040632735E2,-3.727348447E-1,-1.244219422E0,-3.819853961E-1
1.042645565E2,-1.596910954E-1,-3.247951567E-1,-1.139718741E-1
1.044658407E2,1.393961161E-1,-3.995529413E-1,6.635091268E-3
1.046671237E2,2.532978356E-1,2.115937173E-1,1.516661327E-2
1.048684067E2,7.655937672E-1,1.640394181E-1,2.613667548E-1
1.050696898E2,4.373549521E-1,-5.857761018E-3,-6.646429747E-2
1.052709738E2,5.783366561E-1,-8.162170053E-1,-7.582803071E-2
1.054722558E2,6.340147257E-1,-1.603415489E0,-3.189615309E-1
1.056735388E2,2.094919533E-1,-1.719282269E0,-2.909159362E-1
1.058748218E2,-5.621023178E-1,-1.018052340E0,1.414761227E-2
1.060761048E2,-5.758364201E-1,-6.285983324E-1,1.120442078E-1
1.062773878E2,-9.764460474E-2,4.217018783E-1,-7.605203986E-2
1.064786710E2,-3.459974527E-1,1.410547942E-1,-8.997227997E-2
1.066799540E2,-4.745573401E-1,-1.040332615E-1,-1.015953533E-2
1.068812370E2,-4.795944095E-1,-1.729609966E-1,1.550983042E-1
1.070825200E2,-9.519285709E-2,-1.035578176E-1,1.275153607E-1
1.072838030E2,7.247332484E-3,-2.146100551E-1,6.199211627E-2
1.074850854E2,-8.137713373E-2,2.925027907E-1,2.614023983E-1
1.076863684E2,1.554347724E-1,4.752483070E-1,2.628875375E-1
1.078876514E2,1.492132545E-1,2.602368891E-1,-1.825425401E-2
1.080889344E2,2.751178145E-1,6.745789051E-1,-3.260630183E-3
1.082902174E2,-2.004514635E-1,9.402091503E-1,-9.006977826E-2
1.084914992E2,-1.242822036E-1,1.286334157E0,-1.288734674E-1
1.086927823E2,-4.319830835E-1,1.529287100E0,5.850794539E-2
1.088940653E2,-5.386472344E-1,1.058284283E0,6.342618167E-2
1.090953483E2,-5.595475435E-1,9.202007651E-1,-3.212274611E-2
1.092966313E2,-2.461556196E-1,7.131762505E-1,4.575629532E-2
1.094979141E2,2.670671344E-1,1.150732860E-1,-7.885063440E-2
1.096991971E2,1.095010713E-1,-1.320916712E-1,2.260952815E-2
1.099004801E2,6.072468758E-1,5.047934055E-1,6.790064275E-2
1.101017631E2,6.184314489E-1,-2.767189145E-1,-7.889418304E-2
1.103030461E2,5.524474978E-1,2.876151353E-2,2.102497816E-1
1.105043300E2,6.707152128E-1,1.819054931E-1,1.968376487E-1
1.107056130E2,3.024793565E-1,9.073576331E-2,5.434285998E-1
1.109068960E2,4.445303380E-1,8.898440599E-1,3.600214422E-1
1.111081790E2,1.288792342E-1,1.346655130E0,2.126986831E-1
1.113094630E2,4.138093069E-2,1.029107690E0,-3.085456602E-2
1.115107460E2,6.471879035E-2,7.081944942E-1,-2.933084369E-1
1.117120300E2,2.906332165E-2,1.067297459E-1,-9.995566308E-2
1.119133130E2,-1.707789004E-1,-3.522146642E-1,2.769479156E-2
1.121145960E2,-2.073377669E-1,-3.425995111E-1,2.718224823E-1
1.123158790E2,-7.925629616E-2,-1.223946691E0,9.173383564E-2
1.125171616E2,-4.699806273E-1,-1.723110557E0,6.148823723E-2
1.127184456E2,-2.182934880E-1,-1.867661923E-1,-5.997169390E-2
1.129197286E2,-1.669308990E-1,-1.117731445E-2,-8.977457881E-2
1.131210126E2,-2.225340009E-1,6.435165405E-1,-1.628094614E-1
1.133222966E2,-2.156795114E-1,-7.506239414E-1,-1.674558669E-1
1.135235800E2,-3.783089817E-1,-7.000107318E-2,3.146847710E-2
1.137248640E2,-1.163424850E-1,1.586811393E-1,-9.344606847E-2
1.139261470E2,4.295416921E-2,3.671915531E-1,-3.264568746E-1
1.141274310E2,6.187362224E-2,3.386384845E-1,-3.396594152E-2
1.143287150E2,1.282075942E-1,1.630593240E-1,-8.364608139E-2
1.145299989E2,2.657786012E-1,2.002496421E-1,-7.401116937E-2
1.147312829E2,-3.834533989E-1,-6.667338014E-1,-1.818274409E-1
1.149325669E2,-7.355492711E-1,2.561668158E-1,1.546034068E-1
1.151338499E2,1.603785753E-1,9.655875564E-1,8.682621121E-1
1.153351339E2,3.529233634E-1,4.608386159E-1,4.398103356E-1
1.155364182E2,3.954319358E-1,6.287834048E-1,8.857321739E-2
1.157377022E2,3.216198683E-1,1.031725034E-1,1.245788634E-1
1.159389862E2,1.337647438E-1,-6.249229908E-1,8.718118072E-3
1.161402702E2,4.045900330E-2,5.358570814E-2,2.102978826E-1
1.163415552E2,1.227288023E-1,-4.555566311E-1,6.082082167E-2
1.165428384E2,-1.613193005E-1,5.107929111E-1,-9.577139467E-2
1.167441224E2,-2.248429358E-1,7.025892287E-2,-4.174141884E-1
1.169454074E2,-2.310543507E-1,1.352324188E-1,-1.453370452E-1
1.171466914E2,-9.336435050E-2,1.228065193E-1,-3.197643161E-2
1.173479764E2,-4.411992431E-2,-2.088873535E-1,5.851722509E-2
1.175492610E2,-3.661501706E-1,1.872145087E-1,1.371319741E-1
1.177505450E2,-3.662262261E-1,-1.214529723E-1,6.280434132E-2
1.179518300E2,-2.524001300E-1,-3.512924910E-2,2.696533501E-1
1.181531140E2,5.897438899E-2,-1.779268533E-1,1.850295067E-1
1.183543980E2,5.385632813E-2,-3.108108938E-1,-1.924279630E-1
1.185556812E2,-6.525014341E-2,2.744280100E-1,1.787827015E-1
1.187569652E2,4.342584312E-1,1.157902330E-1,1.001735181E-1
1.189582492E2,3.205553591E-1,-5.746224523E-1,-3.611480072E-2
1.191595332E2,2.192257047E-1,6.356140226E-2,1.040182933E-1
1.193608172E2,1.476390511E-1,7.067161798E-1,-9.538262337E-2
1.195621010E2,5.364738777E-2,-6.703095138E-2,-4.467109218E-2
1.197633850E2,-2.517201900E-1,-9.985310584E-2,-1.256897449E-1
1.199646700E2,-2.908092439E-1,-1.139682233E-1,-1.478494406E-1
1.201659540E2,-2.766366899E-1,-2.092780024E-1,-4.444001243E-3
1.203672380E2,-3.249739707E-1,1.488161683E-1,-2.903448045E-2
1.205685246E2,3.601320088E-2,-2.601247430E-1,-1.842282265E-1
1.207698086E2,4.434821308E-1,-6.641853601E-2,-8.630140871E-2
1.209710926E2,3.446488678E-1,-3.036102057E-1,3.138844073E-1
1.211723766E2,6.821867824E-1,-3.201608658E-1,3.413896561E-1
1.213736606E2,4.170979373E-3,-7.711062431E-1,2.876644135E-1
1.215749442E2,-3.877910674E-1,8.327733725E-3,-4.358375072E-2
1.217762283E2,-5.272754431E-1,-4.081700444E-1,-9.043193609E-2
1.219775132E2,-5.588981509E-1,3.230150938E-1,-2.754369080E-1
1.221787973E2,-4.190747738E-1,-2.444463521E-1,-2.703391016E-1
1.223800813E2,-6.360576749E-1,2.965353727E-1,3.088749712E-3
1.225813661E2,6.613836288E-1,-1.601697206E-1,-1.450904012E-1
1.227826501E2,-5.592465401E-1,-2.884604037E-1,-5.428044796E-1
1.229839351E2,-4.037447274E-1,-1.027046323E0,-4.737080336E-1
1.231852191E2,-1.564004645E-2,-2.803588752E-3,-1.149062533E-2
1.233865041E2,9.405024350E-2,-1.121454220E-2,-3.852148950E-1
1.235877879E2,-6.319934130E-1,3.973733187E-1,-8.723139763E-3
1.237890729E2,-1.911491007E-1,3.074361980E-1,-2.043669075E-1
1.239903569E2,5.920498818E-2,3.051637411E-1,-1.059412435E-1
1.241916409E2,-1.242282800E-2,-2.471946627E-1,-3.641171455E-1
1.243929249E2,-7.574900985E-2,-2.625158727E-1,-4.710212350E-2
1.245942099E2,5.527502671E-2,1.156177446E-1,1.367819458E-1
1.247954939E2,-2.297604084E-1,-4.289366305E-1,-9.609477222E-2
1.249967779E2,-2.843141258E-1,4.717222601E-2,2.604101300E-1
1.251980629E2,-3.899437841E-3,5.085223913E-1,6.844533682E-1
1.253993469E2,2.453614324E-1,6.948185563E-1,6.246266365E-1
1.256006320E2,3.691707850E-1,4.180563986E-1,9.416106343E-2
1.258019160E2,3.239170909E-1,4.607249796E-1,-2.583689243E-2
1.260032000E2,2.523035407E-1,-1.149361804E-1,-9.139995277E-2
1.262044850E2,5.417217016E-1,5.998495221E-1,9.623921663E-2
1.264057690E2,5.701686144E-1,4.099702239E-1,-1.295705587E-1
1.266070526E2,2.139150798E-1,-1.764440536E-1,-8.699212223E-2
1.268083366E2,-2.752519771E-2,-1.784244627E-1,2.406839728E-1
1.270096216E2,-2.913137376E-1,-3.361673653E-1,1.713759750E-1
1.272109056E2,-9.243069589E-2,-1.164383292E-1,-5.161740258E-2
1.274121896E2,-5.774742365E-2,2.994548343E-2,-6.028886139E-2
1.276134739E2,-7.764256559E-3,1.547444165E-1,5.059080571E-2
1.278147589E2,4.174080491E-2,1.712700278E-1,6.095336005E-2
1.280160429E2,1.526157260E-1,1.843285561E-1,1.129327044E-1
1.282173269E2,6.149156019E-2,7.964389026E-2,-3.443584219E-2
1.284186109E2,-1.519266330E-2,2.576813400E-1,-9.790315479E-2
1.286198948E2,-2.670217454E-1,1.910508424E-1,-2.157819569E-1
1.288211797E2,-6.959909946E-2,-7.009875774E-2,-2.230049819E-1
1.290224638E2,4.723866284E-2,3.937407434E-1,-1.935862005E-3
1.292237487E2,-2.178102285E-1,2.053070366E-1,1.412458420E-1
1.294250338E2,-4.522515237E-1,-6.404381394E-1,9.092567861E-2
1.296263189E2,-3.773393333E-1,-4.338966906E-1,3.492377326E-2
1.298276029E2,-1.964668930E-1,-8.338160068E-2,2.887355983E-1
1.300288879E2,-4.039244354E-1,-6.190622449E-1,2.331397533E-1
1.302301729E2,-5.390912890E-1,-5.170360208E-1,-5.156172439E-2
1.304314569E2,1.402149945E-1,-9.797665477E-2,-3.394079804E-1
1.306327420E2,2.604197264E-1,-1.000243798E-1,-1.292216927E-1
1.308340270E2,3.948575258E-1,8.821497858E-2,3.357826769E-1
1.310353110E2,2.120050937E-1,-1.367302388E-1,1.854141802E-1
1.312365960E2,2.354691774E-1,-3.442521393E-1,2.385866046E-1
1.314378800E2,1.777143031E-1,-4.482773542E-1,1.166405994E-2
1.316391641E2,-9.356641769E-2,-8.960652947E-1,-3.613936603E-1
1.318404481E2,1.281929165E-1,-8.048579693E-1,9.192358702E-2
1.320417321E2,1.950891167E-1,2.607543170E-1,2.322255634E-2
1.322430171E2,-1.861708611E-1,-7.676055189E-3,-3.621717989E-1
1.324443011E2,-3.023310378E-2,9.630914778E-2,-1.007918000E0
1.326455866E2,-2.460869849E-1,-8.398895860E-1,-3.782299459E-1
1.328468716E2,-5.855008960E-1,-1.410136700E0,-3.309096992E-1
1.330481556E2,2.004373372E-1,-4.713677466E-1,-3.749766648E-1
1.332494406E2,1.856343448E-2,3.920953274E-1,-1.995435059E-1
1.334507246E2,1.067183539E-1,5.939985514E-1,2.186573297E-2
1.336520084E2,-3.053280525E-2,2.390237451E-1,1.198648885E-1
1.338532934E2,1.705022715E-2,5.745083094E-1,1.110825539E-1
1.340545774E2,2.766121179E-2,4.403457940E-1,5.899518728E-2
1.342558624E2,6.753510237E-2,7.252787352E-1,5.405488238E-2
1.344571464E2,7.786040753E-2,8.466200531E-2,-1.049541011E-1
1.346584302E2,5.480663478E-2,8.054549247E-2,-2.444899455E-2
1.348597152E2,9.124306962E-3,-1.474772841E-1,-6.947588921E-2
1.350609992E2,-4.309371114E-2,-3.360677361E-1,3.134588525E-2
1.352622832E2,7.090726495E-2,-7.178995609E-1,8.729036897E-2
1.354635682E2,-5.629405379E-2,-4.938277602E-1,1.291679889E-1
1.356648518E2,-7.723177969E-2,-4.430221915E-1,-7.058436424E-2
1.358661357E2,4.168532416E-2,-2.043392360E-1,-3.590715528E-1
1.360674208E2,-1.352876425E-1,-1.689311564E-1,-3.981553316E-1
1.362687058E2,-5.332740769E-2,8.540267497E-2,1.645531058E-1
1.364699898E2,-1.995030642E-1,4.325288534E-1,5.018655062E-1
1.366712743E2,3.391663730E-2,5.704957247E-1,4.162299931E-1